ReifeHoehe;Row;Column;BRISONr;Year;Location;Subtrial;Treatment;Block;Sowing_date;Emergence_date;BBCH59;BBCH87;Plantheight;Seedyield;Seedyield_bio;Biomass_bio;TKW_plot;TKW_bio;Spike_number;Stripe_rust;DTR;Leaf_rust;Fusarium;Powdery_mildew;Septoria;Sedimentation;Falling_number;Crude_protein;Kernel_number_bio
NA;1;19;BRISONR_20;2018;GGE;1;LN_NF;B1;299;NA;137;NA;67.2;37.47262898;326.163;801.067;37.6;NA;280.14;1;NA;1;1;2;1.5;NA;NA;NA;9771.55
NA;4;40;BRISONR_20;2018;GGE;1;LN_NF;B2;299;NA;137;NA;64;35.3537002;296.148;701.017;37.1;NA;306.82;1;NA;1;3;3;2;NA;NA;NA;12639.65
NA;1;33;BRISONR_26;2018;GGE;1;LN_NF;B1;299;NA;136;NA;69.6;48.23453328;319.493;750.375;46.16666667;NA;253.46;1;NA;2;1;1.5;3.5;NA;NA;NA;8857.76
NA;4;27;BRISONR_26;2018;GGE;1;LN_NF;B2;299;NA;136;NA;73;48.91507163;427.547;868.434;46.7;NA;286.81;1;NA;1;1;2.5;2;NA;NA;NA;10338.5
NA;1;44;BRISONR_27;2018;GGE;1;LN_NF;B1;299;NA;136;NA;65;34.30513473;280.807;697.682;34.23333333;NA;320.16;1;NA;4;1;3.5;2;NA;NA;NA;8897.78
NA;4;12;BRISONR_27;2018;GGE;1;LN_NF;B2;299;NA;136;NA;67.8;34.66497837;327.497;801.734;32.66666667;NA;246.79;1;NA;1;3;2.5;3.5;NA;NA;NA;10071.7
NA;1;4;BRISONR_31;2018;GGE;1;LN_NF;B1;299;NA;135;NA;60.6;43.87808767;300.817;726.363;42.46666667;NA;266.8;1;NA;2;1;1;3.5;NA;NA;NA;9464.73
NA;4;13;BRISONR_31;2018;GGE;1;LN_NF;B2;299;NA;136;NA;71.8;46.43404621;379.523;777.055;37.96666667;NA;246.79;1;NA;1;2;1.5;2.5;NA;NA;NA;11072.2
NA;1;40;BRISONR_38;2018;GGE;1;LN_NF;B1;299;NA;135;NA;72;42.2438247;392.196;849.091;38.16666667;NA;273.47;1;NA;3;2;1;2;NA;NA;NA;12212.77
NA;4;43;BRISONR_38;2018;GGE;1;LN_NF;B2;299;NA;136;NA;61;41.29216572;374.854;784.392;36.6;NA;266.8;1;NA;1;2;1;1.5;NA;NA;NA;10498.58
NA;1;2;BRISONR_47;2018;GGE;1;LN_NF;B1;299;NA;136;NA;68.8;43.45074804;300.15;734.367;40.8;NA;313.49;1;NA;3;3;1;3.5;NA;NA;NA;9384.69
NA;4;18;BRISONR_47;2018;GGE;1;LN_NF;B2;299;NA;136;NA;71.6;45.44009942;478.906;1055.861;42.23333333;NA;360.18;1;NA;1;1;1;3;NA;NA;NA;12652.99
NA;1;5;BRISONR_50;2018;GGE;1;LN_NF;B1;299;NA;135;NA;60.6;36.37185043;238.786;695.014;35.13333333;NA;293.48;1;NA;6;1;1;2;NA;NA;NA;8224.11
NA;4;14;BRISONR_50;2018;GGE;1;LN_NF;B2;299;NA;136;NA;62.6;40.63125073;330.832;788.394;40.13333333;NA;260.13;1;NA;1;1;1;#VALUE!;NA;NA;NA;9217.94
NA;1;28;BRISONR_54;2018;GGE;1;LN_NF;B1;299;NA;136;NA;68.4;47.13060785;369.518;853.76;44.13333333;NA;306.82;1;NA;1;2;1;2.5;NA;NA;NA;11479.07
NA;4;41;BRISONR_54;2018;GGE;1;LN_NF;B2;299;NA;136;NA;67.2;46.00869996;464.232;991.162;46.43333333;NA;320.16;1;NA;1;2;2;2;NA;NA;NA;12606.3
NA;1;48;BRISONR_56;2018;GGE;1;LN_NF;B1;299;NA;136;NA;69.2;39.92298014;357.512;907.787;41.13333333;NA;300.15;1;NA;2;3;1;1.5;NA;NA;NA;11045.52
NA;4;23;BRISONR_56;2018;GGE;1;LN_NF;B2;299;NA;137;NA;73.6;41.85690316;294.814;761.047;36.83333333;NA;266.8;1;NA;1;2;1.5;2;NA;NA;NA;9484.74
NA;1;47;BRISONR_59;2018;GGE;1;LN_NF;B1;299;NA;135;NA;66.6;41.74586511;300.817;733.033;40.93333333;NA;326.83;1;NA;3;1;2.5;2;NA;NA;NA;9518.09
NA;4;48;BRISONR_59;2018;GGE;1;LN_NF;B2;299;NA;136;NA;63.8;44.43352446;453.56;888.444;40.56666667;NA;266.8;1;NA;1;3;3;3;NA;NA;NA;12753.04
NA;1;42;BRISONR_67;2018;GGE;1;LN_NF;B1;299;NA;135;NA;70;45.02661403;412.873;949.808;38.3;NA;326.83;1;NA;1;1;2;3.5;NA;NA;NA;12753.04
NA;4;44;BRISONR_67;2018;GGE;1;LN_NF;B2;299;NA;135;NA;60.2;48.58216397;302.151;653.66;41.23333333;NA;206.77;1;NA;1;4;1.5;3;NA;NA;NA;8637.65
NA;1;12;BRISONR_69;2018;GGE;1;LN_NF;B1;299;NA;139;NA;69.8;37.57867835;309.488;712.356;40.26666667;NA;293.48;1;NA;1;2;1;3;NA;NA;NA;9124.56
NA;4;45;BRISONR_69;2018;GGE;1;LN_NF;B2;299;NA;139;NA;66.8;47.98070606;408.204;921.794;43.7;NA;280.14;1;NA;1;2;1.5;3.5;NA;NA;NA;10852.09
NA;1;25;BRISONR_71;2018;GGE;1;LN_NF;B1;299;NA;136;NA;66;40.61410038;329.498;833.75;38.9;NA;333.5;1;NA;1;1;1;2;NA;NA;NA;10305.15
NA;4;10;BRISONR_71;2018;GGE;1;LN_NF;B2;299;NA;135;NA;69.2;41.60250499;389.528;899.116;43.53333333;NA;333.5;1;NA;1;2;1;2.5;NA;NA;NA;11245.62
NA;1;39;BRISONR_80;2018;GGE;1;LN_NF;B1;299;NA;135;NA;74.8;49.02020416;418.876;907.787;45.93333333;NA;293.48;1;NA;2;1;1;2;NA;NA;NA;14573.95
NA;4;7;BRISONR_80;2018;GGE;1;LN_NF;B2;299;NA;135;NA;68.4;42.79508209;481.574;1036.518;42.8;NA;346.84;1;NA;1;4;1;2;NA;NA;NA;13246.62
NA;1;35;BRISONR_92;2018;GGE;1;LN_NF;B1;299;NA;136;NA;69.4;44.53852275;367.517;895.114;37.16666667;NA;366.85;1;NA;3;1;2.5;2;NA;NA;NA;12372.85
NA;4;20;BRISONR_92;2018;GGE;1;LN_NF;B2;299;NA;136;NA;68.2;45.2336199;396.198;893.78;38.33333333;NA;306.82;1;NA;1;2;1.5;2.5;NA;NA;NA;11392.36
NA;1;29;BRISONR_96;2018;GGE;1;LN_NF;B1;299;NA;136;NA;71.8;43.46805997;474.237;1056.528;39.43333333;NA;320.16;1;NA;2;1;1;2.5;NA;NA;NA;14193.76
NA;4;25;BRISONR_96;2018;GGE;1;LN_NF;B2;299;NA;136;NA;75.8;41.83139946;371.519;847.757;36.4;NA;260.13;1;NA;1;2;1.5;3;NA;NA;NA;10111.72
NA;1;37;BRISONR_99;2018;GGE;1;LN_NF;B1;299;NA;135;NA;71.6;45.40939411;304.152;713.69;43.86666667;NA;220.11;1;NA;2;2;1.5;2.5;NA;NA;NA;7877.27
NA;4;46;BRISONR_99;2018;GGE;1;LN_NF;B2;299;NA;135;NA;66;44.0180893;443.555;949.141;46.36666667;NA;300.15;1;NA;1;3;1;2;NA;NA;NA;10712.02
NA;1;14;BRISONR_102;2018;GGE;1;LN_NF;B1;299;NA;136;NA;72.6;42.20496981;316.158;807.07;42.1;NA;313.49;1;NA;1;4;1.5;2.5;NA;NA;NA;9611.47
NA;4;39;BRISONR_102;2018;GGE;1;LN_NF;B2;299;NA;135;NA;72.4;39.59469548;376.188;900.45;41.53333333;NA;346.84;1;NA;1;5;2;3;NA;NA;NA;11659.16
NA;1;36;BRISONR_104;2018;GGE;1;LN_NF;B1;299;NA;136;NA;72.4;38.02899479;284.142;765.049;37.83333333;NA;300.15;1;NA;1;2;1.5;2;NA;NA;NA;9898.28
NA;4;11;BRISONR_104;2018;GGE;1;LN_NF;B2;299;NA;136;NA;78.2;42.5;391.529;999.833;40.63333333;NA;400.2;1;NA;2;2;1;#VALUE!;NA;NA;NA;13373.35
NA;1;34;BRISONR_110;2018;GGE;1;LN_NF;B1;299;NA;136;NA;72.2;36.61221037;270.802;765.049;41.26666667;NA;280.14;1;NA;1;1;3.5;2;NA;NA;NA;8324.16
NA;4;8;BRISONR_110;2018;GGE;1;LN_NF;B2;299;NA;136;NA;72;34.84553815;277.472;773.053;37.63333333;NA;253.46;1;NA;2;3;1;2.5;NA;NA;NA;7963.98
NA;1;20;BRISONR_114;2018;GGE;1;LN_NF;B1;299;NA;136;NA;71.6;43.47475449;256.128;715.024;41.33333333;NA;260.13;1;NA;3;2;3;2.5;NA;NA;NA;7923.96
NA;4;33;BRISONR_114;2018;GGE;1;LN_NF;B2;299;NA;139;NA;70.2;36.13013292;253.46;656.328;44.03333333;NA;306.82;1;NA;2;3;5;3;NA;NA;NA;7863.93
NA;1;49;BRISONR_118;2018;GGE;1;LN_NF;B1;299;NA;136;NA;65.4;38.90651315;387.527;909.788;37.06666667;NA;333.5;1;NA;2;2;1.5;2;NA;NA;NA;11085.54
NA;4;2;BRISONR_118;2018;GGE;1;LN_NF;B2;299;NA;136;NA;63.6;40.22246289;364.182;835.751;40.33333333;NA;286.81;1;NA;1;1;1;2;NA;NA;NA;10291.81
NA;1;1;BRISONR_121;2018;GGE;1;LN_NF;B1;299;NA;135;NA;74;43.01882209;364.849;844.422;41.16666667;NA;253.46;1;NA;2;1;1.5;2.5;NA;NA;NA;9824.91
NA;4;28;BRISONR_121;2018;GGE;1;LN_NF;B2;299;NA;135;NA;77.4;42.37180383;392.863;925.129;41.16666667;NA;306.82;1;NA;1;3;2;2.5;NA;NA;NA;11405.7
NA;1;26;BRISONR_124;2018;GGE;1;LN_NF;B1;299;NA;136;NA;68.4;40.75314957;332.833;855.094;35.63333333;NA;326.83;1;NA;5;3;1;2;NA;NA;NA;10965.48
NA;4;47;BRISONR_124;2018;GGE;1;LN_NF;B2;299;NA;136;NA;63.8;38.23774243;272.136;648.324;40.36666667;NA;246.79;1;NA;1;2;1.5;2.5;NA;NA;NA;8597.63
NA;1;32;BRISONR_126;2018;GGE;1;LN_NF;B1;299;NA;135;NA;72.4;35.85901703;239.453;656.995;36.83333333;NA;240.12;1;NA;4;4;3.5;2;NA;NA;NA;8177.42
NA;4;9;BRISONR_126;2018;GGE;1;LN_NF;B2;299;NA;135;NA;71.6;34.94128531;412.873;964.482;40.33333333;NA;306.82;1;NA;1;2;1.5;2.5;NA;NA;NA;12099.38
NA;1;45;BRISONR_131;2018;GGE;1;LN_NF;B1;299;NA;139;NA;76;40.85913978;294.147;799.733;43.13333333;NA;266.8;1;NA;2;2;1.5;4;NA;NA;NA;8270.8
NA;4;32;BRISONR_131;2018;GGE;1;LN_NF;B2;299;NA;139;NA;85.4;40.62041151;324.162;801.734;44.76666667;NA;240.12;1;NA;1;3;4;3.5;NA;NA;NA;7750.54
NA;1;16;BRISONR_134;2018;GGE;1;LN_NF;B1;299;NA;135;NA;62.4;46.48813353;297.482;739.036;40.36666667;NA;293.48;1;NA;1;2;1;2;NA;NA;NA;9317.99
NA;4;1;BRISONR_134;2018;GGE;1;LN_NF;B2;299;NA;136;NA;63.8;37.10250745;344.839;805.736;36.5;NA;306.82;1;NA;2;1;1;2;NA;NA;NA;10105.05
NA;1;22;BRISONR_135;2018;GGE;1;LN_NF;B1;299;NA;136;NA;66;40.56762629;282.141;729.698;44.56666667;NA;266.8;1;NA;3;2;2;3.5;NA;NA;NA;7617.14
NA;4;49;BRISONR_135;2018;GGE;1;LN_NF;B2;299;NA;136;NA;68.6;37.69336773;330.165;809.071;46;NA;280.14;1;NA;2;4;5;3.5;NA;NA;NA;8564.28
NA;1;8;BRISONR_138;2018;GGE;1;LN_NF;B1;299;NA;135;NA;74.4;39.13534444;303.485;775.721;42.4;NA;280.14;1;NA;4;3;2.5;2.5;NA;NA;NA;8317.49
NA;4;37;BRISONR_138;2018;GGE;1;LN_NF;B2;299;NA;136;NA;74.6;41.21141783;343.505;823.745;41.5;NA;280.14;1;NA;2;2;1;3;NA;NA;NA;9998.33
NA;1;38;BRISONR_143;2018;GGE;1;LN_NF;B1;299;NA;136;NA;78.6;45.22136007;339.503;794.397;43.6;NA;260.13;1;NA;2;1;1.5;2;NA;NA;NA;8704.35
NA;4;22;BRISONR_143;2018;GGE;1;LN_NF;B2;299;NA;135;NA;86.2;45.48277221;290.812;709.021;39.83333333;NA;246.79;1;NA;1;1;1;2;NA;NA;NA;8244.12
NA;1;15;BRISONR_145;2018;GGE;1;LN_NF;B1;299;NA;136;NA;71.4;44.67599411;306.82;719.693;43.56666667;NA;253.46;1;NA;2;2;1;2.5;NA;NA;NA;8504.25
NA;4;30;BRISONR_145;2018;GGE;1;LN_NF;B2;299;NA;140;NA;77.6;44.31782826;411.539;921.127;42.53333333;NA;300.15;1;NA;1;2;1.5;2.5;NA;NA;NA;10345.17
NA;1;51;BRISONR_150;2018;GGE;1;LN_NF;B1;299;NA;139;NA;69.8;35.74435817;248.791;689.011;39.76666667;NA;293.48;1;NA;3;3;4;3.5;NA;NA;NA;7256.96
NA;4;31;BRISONR_150;2018;GGE;1;LN_NF;B2;299;NA;140;NA;78.4;39.32619396;396.198;1021.177;43.4;NA;313.49;1;NA;1;2;3;3;NA;NA;NA;10378.52
NA;1;43;BRISONR_153;2018;GGE;1;LN_NF;B1;299;NA;140;NA;66.2;34.14256287;256.795;751.709;37.36666667;NA;266.8;1;NA;2;2;4;2;NA;NA;NA;8764.38
NA;4;6;BRISONR_153;2018;GGE;1;LN_NF;B2;299;NA;136;NA;75.8;35.14606257;310.155;749.708;37.6;NA;326.83;1;NA;1;1;3;2.5;NA;NA;NA;10685.34
NA;1;30;BRISONR_158;2018;GGE;1;LN_NF;B1;299;NA;140;NA;85.6;37.92974709;372.853;693.68;36.36666667;NA;286.81;1;NA;1;2;1;6;NA;NA;NA;10651.99
NA;4;36;BRISONR_158;2018;GGE;1;LN_NF;B2;299;NA;140;NA;85.2;36.27506965;294.147;729.031;33.8;NA;286.81;1;NA;1;1;3;5;NA;NA;NA;9411.37
NA;1;24;BRISONR_160;2018;GGE;1;LN_NF;B1;299;NA;136;NA;82.8;44.05358065;392.863;915.791;43.16666667;NA;306.82;1;NA;1;1;1.5;1.5;NA;NA;NA;9871.6
NA;4;19;BRISONR_160;2018;GGE;1;LN_NF;B2;299;NA;136;NA;79.6;42.1884695;430.882;934.467;42.7;NA;266.8;1;NA;1;1;1;#VALUE!;NA;NA;NA;10271.8
NA;1;13;BRISONR_162;2018;GGE;1;LN_NF;B1;299;NA;139;NA;71.4;39.55529457;384.192;923.795;42.2;NA;326.83;1;NA;3;2;2.5;2.5;NA;NA;NA;9958.31
NA;4;50;BRISONR_162;2018;GGE;1;LN_NF;B2;299;NA;139;NA;71.8;38.76106709;380.19;872.436;43.83333333;NA;293.48;1;NA;2;4;5;3.5;NA;NA;NA;9351.34
NA;1;31;BRISONR_164;2018;GGE;1;LN_NF;B1;299;NA;136;NA;85;39.83569492;346.173;860.43;40.26666667;NA;320.16;1;NA;3;2;6;1;NA;NA;NA;10091.71
NA;4;17;BRISONR_164;2018;GGE;1;LN_NF;B2;299;NA;136;NA;88.2;40.07228539;416.208;931.132;42;NA;253.46;1;NA;1;1;3.5;#VALUE!;NA;NA;NA;10885.44
NA;1;27;BRISONR_166;2018;GGE;1;LN_NF;B1;299;NA;136;NA;84.4;43.33561661;470.902;1090.545;45.36666667;NA;346.84;1;NA;1;3;3.5;1.5;NA;NA;NA;11939.3
NA;4;5;BRISONR_166;2018;GGE;1;LN_NF;B2;299;NA;136;NA;82.6;40.78780743;404.202;919.793;44.9;NA;313.49;1;NA;1;1;1.5;2.5;NA;NA;NA;10298.48
NA;1;7;BRISONR_169;2018;GGE;1;LN_NF;B1;299;NA;135;NA;82;36.5858177;362.848;889.778;37.03333333;NA;266.8;1;NA;3;2;1.5;3;NA;NA;NA;10678.67
NA;4;51;BRISONR_169;2018;GGE;1;LN_NF;B2;299;NA;135;NA;86.4;34.77967769;343.505;805.069;37.3;NA;273.47;1;NA;3;2;2.5;3;NA;NA;NA;10418.54
NA;1;11;BRISONR_176;2018;GGE;1;LN_NF;B1;299;NA;135;NA;74;37.63614834;266.8;710.355;41.5;NA;253.46;1;NA;4;7;5.5;3.5;NA;NA;NA;7076.87
NA;4;24;BRISONR_176;2018;GGE;1;LN_NF;B2;299;NA;135;NA;81;46.91270489;285.476;740.37;43.3;NA;233.45;1;NA;2;3;5;#VALUE!;NA;NA;NA;7910.62
NA;1;9;BRISONR_188;2018;GGE;1;LN_NF;B1;299;NA;135;NA;63;37.74129677;316.825;833.75;42.4;NA;240.12;1;NA;2;2;1;1.5;NA;NA;NA;8637.65
NA;4;4;BRISONR_188;2018;GGE;1;LN_NF;B2;299;NA;135;NA;61;39.95046639;360.847;905.786;40.16666667;NA;313.49;1;NA;1;2;1;2.5;NA;NA;NA;10098.38
NA;1;50;BRISONR_205;2018;GGE;1;LN_NF;B1;299;NA;134;NA;68.4;38.20195334;327.497;893.78;34.03333333;NA;380.19;1;NA;2;1;#VALUE!;6.5;NA;NA;NA;12332.83
NA;4;21;BRISONR_205;2018;GGE;1;LN_NF;B2;299;NA;133;NA;74;40.01750803;407.537;1031.182;30.9;NA;353.51;1;NA;1;3;1;5;NA;NA;NA;13660.16
NA;1;6;BRISONR_207;2018;GGE;1;LN_NF;B1;299;NA;136;NA;65.4;40.42038617;350.842;913.79;38.1;NA;300.15;1;NA;5;5;1.5;3;NA;NA;NA;10685.34
NA;4;29;BRISONR_207;2018;GGE;1;LN_NF;B2;299;NA;134;NA;70.4;44.08676778;318.826;767.717;39.1;NA;240.12;1;NA;1;5;1.5;1.5;NA;NA;NA;9571.45
NA;1;46;BRISONR_213;2018;GGE;1;LN_NF;B1;299;NA;135;NA;72.4;41.04561046;230.115;538.269;45.83333333;NA;193.43;1;NA;2;2;1.5;3.5;NA;NA;NA;6269.8
NA;4;3;BRISONR_213;2018;GGE;1;LN_NF;B2;299;NA;135;NA;68;43.38409198;402.868;915.791;46.16666667;NA;306.82;1;NA;2;1;1.5;2;NA;NA;NA;10331.83
NA;1;23;BRISONR_221;2018;GGE;1;LN_NF;B1;299;NA;136;NA;71.4;48.4562256;332.833;812.406;41.1;NA;300.15;1;NA;1;2;1.5;2;NA;NA;NA;9204.6
NA;4;35;BRISONR_221;2018;GGE;1;LN_NF;B2;299;NA;136;NA;71.8;44.88707226;358.846;831.749;42.93333333;NA;286.81;1;NA;1;3;1;1.5;NA;NA;NA;9844.92
NA;1;10;BRISONR_222;2018;GGE;1;LN_NF;B1;299;NA;136;NA;62.6;42.64905883;349.508;810.405;41.66666667;NA;313.49;1;NA;1;2;1;4;NA;NA;NA;10385.19
NA;4;42;BRISONR_222;2018;GGE;1;LN_NF;B2;299;NA;136;NA;61.6;41.18141271;315.491;717.025;40.83333333;NA;233.45;1;NA;1;4;1;4;NA;NA;NA;9224.61
NA;1;41;BRISONR_223;2018;GGE;1;LN_NF;B1;299;NA;136;NA;70;40.98312158;292.146;765.049;43.76666667;NA;240.12;1;NA;1;2;1;2;NA;NA;NA;9024.51
NA;4;26;BRISONR_223;2018;GGE;1;LN_NF;B2;299;NA;136;NA;72.6;45.54393602;410.205;991.829;42.63333333;NA;326.83;1;NA;1;2;1;1.5;NA;NA;NA;12086.04
NA;1;3;BRISONR_224;2018;GGE;1;LN_NF;B1;299;NA;136;NA;59.2;43.66715938;346.84;807.07;42.86666667;NA;273.47;1;NA;1;1;1;2;NA;NA;NA;9624.81
NA;4;34;BRISONR_224;2018;GGE;1;LN_NF;B2;299;NA;136;NA;61.8;43.40308553;292.813;670.335;43.1;NA;260.13;1;NA;1;3;1.5;2.5;NA;NA;NA;8210.77
NA;1;17;BRISONR_225;2018;GGE;1;LN_NF;B1;299;NA;136;NA;72;46.7081555;258.796;654.994;41.26666667;NA;220.11;1;NA;1;2;1;2.5;NA;NA;NA;7617.14
NA;4;16;BRISONR_225;2018;GGE;1;LN_NF;B2;299;NA;136;NA;75.6;47.34671356;448.224;1005.836;41.23333333;NA;320.16;1;NA;1;2;1;1.5;NA;NA;NA;11839.25
NA;1;18;BRISONR_226;2018;GGE;1;LN_NF;B1;299;NA;136;NA;62;54.87966006;383.525;959.146;36.33333333;NA;353.51;1;NA;3;4;1;3;NA;NA;NA;23531.76
NA;4;52;BRISONR_226;2018;GGE;1;LN_NF;B2;299;NA;135;NA;69.6;42.19351317;386.193;821.077;38.03333333;NA;273.47;1;NA;1;3;1;2.5;NA;NA;NA;11732.53
NA;1;21;BRISONR_227;2018;GGE;1;LN_NF;B1;299;NA;138;NA;68.8;49.62839962;452.226;1025.179;38.23333333;NA;366.85;1;NA;1;1;1;2;NA;NA;NA;14834.08
NA;4;15;BRISONR_227;2018;GGE;1;LN_NF;B2;299;NA;138;NA;72;49.93531401;424.212;943.805;40.46666667;NA;300.15;1;NA;1;2;1;2;NA;NA;NA;13039.85
NA;1;52;BRISONR_228;2018;GGE;1;LN_NF;B1;299;NA;135;NA;71.2;41.37692308;336.168;763.715;43;NA;240.12;1;NA;1;2;1;2.5;NA;NA;NA;8584.29
NA;4;38;BRISONR_228;2018;GGE;1;LN_NF;B2;299;NA;135;NA;68.2;47.37590037;380.857;818.409;41.3;NA;286.81;1;NA;1;3;1.5;3;NA;NA;NA;11172.25
NA;2;29;BRISONR_20;2018;GGE;1;LN_WF;B1;299;NA;137;NA;67;41.61694034;NA;NA;38.06666667;NA;NA;1;NA;1;1;2.5;2;NA;NA;NA;NA
NA;5;15;BRISONR_20;2018;GGE;1;LN_WF;B2;299;NA;137;NA;64.6;40.11344097;NA;NA;36.66666667;NA;NA;1;NA;1;4;1.5;2.5;NA;NA;NA;NA
NA;2;13;BRISONR_26;2018;GGE;1;LN_WF;B1;299;NA;136;NA;71;42.91982066;NA;NA;45.23333333;NA;NA;1;NA;1;1;1;3;NA;NA;NA;NA
NA;5;6;BRISONR_26;2018;GGE;1;LN_WF;B2;299;NA;135;NA;71.4;47.15379877;NA;NA;44.76666667;NA;NA;1;NA;2;1;1.5;3.5;NA;NA;NA;NA
NA;2;28;BRISONR_27;2018;GGE;1;LN_WF;B1;299;NA;136;NA;72.2;51.79268034;NA;NA;39.83333333;NA;NA;1;NA;1;2;3.5;2;NA;NA;NA;NA
NA;5;27;BRISONR_27;2018;GGE;1;LN_WF;B2;299;NA;136;NA;76.2;48.44723623;NA;NA;37.13333333;NA;NA;1;NA;1;1;6;1.5;NA;NA;NA;NA
NA;2;37;BRISONR_31;2018;GGE;1;LN_WF;B1;299;NA;136;NA;71.4;50.84053034;NA;NA;44.53333333;NA;NA;1;NA;1;2;1;3;NA;NA;NA;NA
NA;5;9;BRISONR_31;2018;GGE;1;LN_WF;B2;299;NA;136;NA;68.8;50.12302181;NA;NA;38.56666667;NA;NA;1;NA;1;4;1;3;NA;NA;NA;NA
NA;2;25;BRISONR_38;2018;GGE;1;LN_WF;B1;299;NA;136;NA;76.6;38.32551565;NA;NA;37.26666667;NA;NA;1;NA;1;1;1;1.5;NA;NA;NA;NA
NA;5;39;BRISONR_38;2018;GGE;1;LN_WF;B2;299;NA;135;NA;76.6;45.10242868;NA;NA;40.2;NA;NA;1;NA;1;1;1;3;NA;NA;NA;NA
NA;2;49;BRISONR_47;2018;GGE;1;LN_WF;B1;299;NA;136;NA;68;47.05178569;NA;NA;41.66666667;NA;NA;1;NA;1;2;1;3;NA;NA;NA;NA
NA;5;31;BRISONR_47;2018;GGE;1;LN_WF;B2;299;NA;136;NA;71.6;46.72822392;NA;NA;40.6;NA;NA;1;NA;1;4;1;3;NA;NA;NA;NA
NA;2;21;BRISONR_50;2018;GGE;1;LN_WF;B1;299;NA;136;NA;61.8;40.79801619;NA;NA;39.8;NA;NA;1;NA;2;1;1;2;NA;NA;NA;NA
NA;5;17;BRISONR_50;2018;GGE;1;LN_WF;B2;299;NA;136;NA;67.8;51.83058587;NA;NA;33.1;NA;NA;1;NA;2;1;1;2;NA;NA;NA;NA
NA;2;22;BRISONR_54;2018;GGE;1;LN_WF;B1;299;NA;136;NA;70.4;46.67808505;NA;NA;45.86666667;NA;NA;1;NA;1;1;1;2.5;NA;NA;NA;NA
NA;5;25;BRISONR_54;2018;GGE;1;LN_WF;B2;299;NA;136;NA;69.2;45.28543153;NA;NA;42.06666667;NA;NA;1;NA;1;3;1;2.5;NA;NA;NA;NA
NA;2;14;BRISONR_56;2018;GGE;1;LN_WF;B1;299;NA;137;NA;67.6;44.52479551;NA;NA;40.3;NA;NA;1;NA;1;2;1;2;NA;NA;NA;NA
NA;5;44;BRISONR_56;2018;GGE;1;LN_WF;B2;299;NA;136;NA;70.8;42.94190817;NA;NA;43;NA;NA;1;NA;2;1;1;2.5;NA;NA;NA;NA
NA;2;10;BRISONR_59;2018;GGE;1;LN_WF;B1;299;NA;136;NA;65.8;45.42498103;NA;NA;35.96666667;NA;NA;1;NA;2;1;1.5;2.5;NA;NA;NA;NA
NA;5;1;BRISONR_59;2018;GGE;1;LN_WF;B2;299;NA;136;NA;73;50.59366604;NA;NA;38.1;NA;NA;1;NA;1;5;4;2.5;NA;NA;NA;NA
NA;2;39;BRISONR_67;2018;GGE;1;LN_WF;B1;299;NA;135;NA;69.6;52.63918647;NA;NA;41.83333333;NA;NA;1;NA;1;1;2.5;4;NA;NA;NA;NA
NA;5;22;BRISONR_67;2018;GGE;1;LN_WF;B2;299;NA;136;NA;77.8;49.85528125;NA;NA;38.9;NA;NA;1;NA;1;2;1;4;NA;NA;NA;NA
NA;2;41;BRISONR_69;2018;GGE;1;LN_WF;B1;299;NA;139;NA;70;46.23824115;NA;NA;43.33333333;NA;NA;1;NA;1;1;1;3;NA;NA;NA;NA
NA;5;20;BRISONR_69;2018;GGE;1;LN_WF;B2;299;NA;139;NA;74.8;42.98537851;NA;NA;38.93333333;NA;NA;1;NA;1;2;1;3;NA;NA;NA;NA
NA;2;24;BRISONR_71;2018;GGE;1;LN_WF;B1;299;NA;136;NA;68.8;45.40292979;NA;NA;41.76666667;NA;NA;1;NA;1;1;1;3;NA;NA;NA;NA
NA;5;45;BRISONR_71;2018;GGE;1;LN_WF;B2;299;NA;135;NA;70.2;42.36144419;NA;NA;39;NA;NA;1;NA;2;1;1.5;4;NA;NA;NA;NA
NA;2;6;BRISONR_80;2018;GGE;1;LN_WF;B1;299;NA;136;NA;66.6;48.28916716;NA;NA;44.33333333;NA;NA;1;NA;1;1;1;3;NA;NA;NA;NA
NA;5;36;BRISONR_80;2018;GGE;1;LN_WF;B2;299;NA;136;NA;73.8;50.54836777;NA;NA;45.6;NA;NA;1;NA;3;1;1.5;2.5;NA;NA;NA;NA
NA;2;1;BRISONR_92;2018;GGE;1;LN_WF;B1;299;NA;136;NA;67.4;44.06391367;NA;NA;38.86666667;NA;NA;1;NA;1;2;#VALUE!;3;NA;NA;NA;NA
NA;5;10;BRISONR_92;2018;GGE;1;LN_WF;B2;299;NA;136;NA;71;46.70569322;NA;NA;37.3;NA;NA;1;NA;1;3;2;3;NA;NA;NA;NA
NA;2;26;BRISONR_96;2018;GGE;1;LN_WF;B1;299;NA;136;NA;74.4;48.98952313;NA;NA;43.1;NA;NA;1;NA;1;2;1.5;3.5;NA;NA;NA;NA
NA;5;33;BRISONR_96;2018;GGE;1;LN_WF;B2;299;NA;136;NA;71.6;46.07040468;NA;NA;40.83333333;NA;NA;1;NA;1;1;1.5;2;NA;NA;NA;NA
NA;2;31;BRISONR_99;2018;GGE;1;LN_WF;B1;299;NA;135;NA;69.6;47.00906361;NA;NA;41.9;NA;NA;1;NA;1;2;1.5;2.5;NA;NA;NA;NA
NA;5;3;BRISONR_99;2018;GGE;1;LN_WF;B2;299;NA;135;NA;76;51.79595469;NA;NA;46.5;NA;NA;1;NA;1;1;1;3;NA;NA;NA;NA
NA;2;12;BRISONR_102;2018;GGE;1;LN_WF;B1;299;NA;136;NA;74.2;41.45882024;NA;NA;43;NA;NA;1;NA;1;1;1;3;NA;NA;NA;NA
NA;5;41;BRISONR_102;2018;GGE;1;LN_WF;B2;299;NA;136;NA;70.8;39.3466621;NA;NA;41.4;NA;NA;1;NA;1;1;1.5;3.5;NA;NA;NA;NA
NA;2;7;BRISONR_104;2018;GGE;1;LN_WF;B1;299;NA;136;NA;71;43.28854876;NA;NA;46.3;NA;NA;1;NA;1;1;1;2;NA;NA;NA;NA
NA;5;26;BRISONR_104;2018;GGE;1;LN_WF;B2;299;NA;136;NA;79.2;45.28769523;NA;NA;44.73333333;NA;NA;1;NA;1;1;1;2.5;NA;NA;NA;NA
NA;2;33;BRISONR_110;2018;GGE;1;LN_WF;B1;299;NA;136;NA;76;39.20715923;NA;NA;41.2;NA;NA;1;NA;1;1;2.5;3;NA;NA;NA;NA
NA;5;23;BRISONR_110;2018;GGE;1;LN_WF;B2;299;NA;136;NA;74;43.29241165;NA;NA;40.8;NA;NA;1;NA;2;2;1.5;2.5;NA;NA;NA;NA
NA;2;34;BRISONR_114;2018;GGE;1;LN_WF;B1;299;NA;139;NA;75.8;41.04006685;NA;NA;45.3;NA;NA;1;NA;1;2;3.5;2;NA;NA;NA;NA
NA;5;34;BRISONR_114;2018;GGE;1;LN_WF;B2;299;NA;139;NA;80;37.6452237;NA;NA;40.9;NA;NA;1;NA;1;1;6;3.5;NA;NA;NA;NA
NA;2;5;BRISONR_118;2018;GGE;1;LN_WF;B1;299;NA;136;NA;66.2;44.1367759;NA;NA;42.73333333;NA;NA;1;NA;1;1;2;3.5;NA;NA;NA;NA
NA;5;18;BRISONR_118;2018;GGE;1;LN_WF;B2;299;NA;136;NA;80.4;42.00236097;NA;NA;39.33333333;NA;NA;1;NA;1;2;1;3.5;NA;NA;NA;NA
NA;2;43;BRISONR_121;2018;GGE;1;LN_WF;B1;299;NA;135;NA;75.2;43.79086549;NA;NA;37.86666667;NA;NA;1;NA;1;3;2;1;NA;NA;NA;NA
NA;5;28;BRISONR_121;2018;GGE;1;LN_WF;B2;299;NA;135;NA;71.8;36.389107;NA;NA;40.46666667;NA;NA;1;NA;2;3;1;3;NA;NA;NA;NA
NA;2;47;BRISONR_124;2018;GGE;1;LN_WF;B1;299;NA;136;NA;63.8;42.13824188;NA;NA;42.03333333;NA;NA;1;NA;1;1;2.5;2;NA;NA;NA;NA
NA;5;12;BRISONR_124;2018;GGE;1;LN_WF;B2;299;NA;136;NA;69.2;53.25886748;NA;NA;35.7;NA;NA;1;NA;3;2;1;3;NA;NA;NA;NA
NA;2;19;BRISONR_126;2018;GGE;1;LN_WF;B1;299;NA;136;NA;74.8;41.72886663;NA;NA;37.83333333;NA;NA;1;NA;1;2;2.5;4.5;NA;NA;NA;NA
NA;5;2;BRISONR_126;2018;GGE;1;LN_WF;B2;299;NA;135;NA;74.6;43.80815347;NA;NA;40.83333333;NA;NA;1;NA;3;7;3;4;NA;NA;NA;NA
NA;2;17;BRISONR_131;2018;GGE;1;LN_WF;B1;299;NA;139;NA;85.2;40.12031019;NA;NA;45.8;NA;NA;1;NA;1;2;1.5;3.5;NA;NA;NA;NA
NA;5;42;BRISONR_131;2018;GGE;1;LN_WF;B2;299;NA;139;NA;72;38.49056278;NA;NA;41.63333333;NA;NA;1;NA;1;1;4.5;4;NA;NA;NA;NA
NA;2;30;BRISONR_134;2018;GGE;1;LN_WF;B1;299;NA;136;NA;67.8;43.19331436;NA;NA;41.2;NA;NA;1;NA;1;2;2;3.5;NA;NA;NA;NA
NA;5;43;BRISONR_134;2018;GGE;1;LN_WF;B2;299;NA;136;NA;72.6;40.26160748;NA;NA;38.2;NA;NA;1;NA;1;1;3;2;NA;NA;NA;NA
NA;2;48;BRISONR_135;2018;GGE;1;LN_WF;B1;299;NA;136;NA;65.2;45.96693539;NA;NA;43.9;NA;NA;1;NA;1;2;3;4.5;NA;NA;NA;NA
NA;5;8;BRISONR_135;2018;GGE;1;LN_WF;B2;299;NA;135;NA;76.2;41.07395401;NA;NA;41.83333333;NA;NA;1;NA;3;1;1.5;3;NA;NA;NA;NA
NA;2;51;BRISONR_138;2018;GGE;1;LN_WF;B1;299;NA;136;NA;70.4;43.70903682;NA;NA;44.06666667;NA;NA;1;NA;1;2;2.5;3.5;NA;NA;NA;NA
NA;5;48;BRISONR_138;2018;GGE;1;LN_WF;B2;299;NA;136;NA;73;41.52831369;NA;NA;40.43333333;NA;NA;1;NA;1;1;2.5;4;NA;NA;NA;NA
NA;2;3;BRISONR_143;2018;GGE;1;LN_WF;B1;299;NA;136;NA;82;52.50770597;NA;NA;46.03333333;NA;NA;1;NA;1;2;1.5;3;NA;NA;NA;NA
NA;5;21;BRISONR_143;2018;GGE;1;LN_WF;B2;299;NA;136;NA;84;48.48972318;NA;NA;42.23333333;NA;NA;1;NA;1;2;1.5;2.5;NA;NA;NA;NA
NA;2;50;BRISONR_145;2018;GGE;1;LN_WF;B1;299;NA;140;NA;69.4;43.29811629;NA;NA;42.26666667;NA;NA;1;NA;1;1;1;4;NA;NA;NA;NA
NA;5;4;BRISONR_145;2018;GGE;1;LN_WF;B2;299;NA;140;NA;78;51.15070255;NA;NA;41.73333333;NA;NA;1;NA;1;2;1;3.5;NA;NA;NA;NA
NA;2;36;BRISONR_150;2018;GGE;1;LN_WF;B1;299;NA;140;NA;79.2;42.00244746;NA;NA;45.16666667;NA;NA;1;NA;1;2;3.5;3;NA;NA;NA;NA
NA;5;11;BRISONR_150;2018;GGE;1;LN_WF;B2;299;NA;140;NA;83.4;39.04007654;NA;NA;40.73333333;NA;NA;1;NA;2;4;3.5;3.5;NA;NA;NA;NA
NA;2;18;BRISONR_153;2018;GGE;1;LN_WF;B1;299;NA;136;NA;80.2;37.67978277;NA;NA;37.23333333;NA;NA;1;NA;1;1;1.5;2.5;NA;NA;NA;NA
NA;5;14;BRISONR_153;2018;GGE;1;LN_WF;B2;299;NA;136;NA;80;38.28310047;NA;NA;35.13333333;NA;NA;1;NA;1;6;1;3;NA;NA;NA;NA
NA;2;32;BRISONR_158;2018;GGE;1;LN_WF;B1;299;NA;140;NA;86.6;38.73908169;NA;NA;36.66666667;NA;NA;1;NA;1;1;1;4.5;NA;NA;NA;NA
NA;5;51;BRISONR_158;2018;GGE;1;LN_WF;B2;299;NA;140;NA;79;34.39304155;NA;NA;35.86666667;NA;NA;1;NA;2;1;1.5;5.5;NA;NA;NA;NA
NA;2;11;BRISONR_160;2018;GGE;1;LN_WF;B1;299;NA;136;NA;76.4;42.60621708;NA;NA;44.96666667;NA;NA;1;NA;1;1;1.5;#VALUE!;NA;NA;NA;NA
NA;5;46;BRISONR_160;2018;GGE;1;LN_WF;B2;299;NA;136;NA;73;41.99766628;NA;NA;45;NA;NA;1;NA;1;1;1;2;NA;NA;NA;NA
NA;2;46;BRISONR_162;2018;GGE;1;LN_WF;B1;299;NA;139;NA;80.2;43.43934733;NA;NA;46.9;NA;NA;1;NA;1;1;3;4;NA;NA;NA;NA
NA;5;52;BRISONR_162;2018;GGE;1;LN_WF;B2;299;NA;139;NA;69.2;42.05007073;NA;NA;44.7;NA;NA;1;NA;1;1;3;4.5;NA;NA;NA;NA
NA;2;20;BRISONR_164;2018;GGE;1;LN_WF;B1;299;NA;136;NA;83;40.90930527;NA;NA;41.96666667;NA;NA;1;NA;2;1;1.5;#VALUE!;NA;NA;NA;NA
NA;5;47;BRISONR_164;2018;GGE;1;LN_WF;B2;299;NA;136;NA;78.4;37.02793227;NA;NA;41.7;NA;NA;1;NA;1;1;3.5;3;NA;NA;NA;NA
NA;2;23;BRISONR_166;2018;GGE;1;LN_WF;B1;299;NA;136;NA;90;43.89513991;NA;NA;44.4;NA;NA;1;NA;1;2;2.5;2.5;NA;NA;NA;NA
NA;5;32;BRISONR_166;2018;GGE;1;LN_WF;B2;299;NA;136;NA;88.8;44.0504313;NA;NA;43.3;NA;NA;1;NA;1;1;5.5;3;NA;NA;NA;NA
NA;2;52;BRISONR_169;2018;GGE;1;LN_WF;B1;299;NA;135;NA;81.6;42.49280063;NA;NA;37.23333333;NA;NA;1;NA;1;1;2;1.5;NA;NA;NA;NA
NA;5;19;BRISONR_169;2018;GGE;1;LN_WF;B2;299;NA;135;NA;90;39.45517938;NA;NA;36.93333333;NA;NA;1;NA;1;1;2.5;3;NA;NA;NA;NA
NA;2;8;BRISONR_176;2018;GGE;1;LN_WF;B1;299;NA;135;NA;81.6;38.22515548;NA;NA;44.43333333;NA;NA;1;NA;1;1;4;3.5;NA;NA;NA;NA
NA;5;40;BRISONR_176;2018;GGE;1;LN_WF;B2;299;NA;135;NA;91.4;43.13197741;NA;NA;46.5;NA;NA;1;NA;4;1;4.5;4.5;NA;NA;NA;NA
NA;2;27;BRISONR_188;2018;GGE;1;LN_WF;B1;299;NA;135;NA;56.2;44.63840503;NA;NA;44.6;NA;NA;1;NA;1;2;1;3;NA;NA;NA;NA
NA;5;24;BRISONR_188;2018;GGE;1;LN_WF;B2;299;NA;135;NA;72.4;38.44306957;NA;NA;41.8;NA;NA;1;NA;2;3;1;2;NA;NA;NA;NA
NA;2;42;BRISONR_205;2018;GGE;1;LN_WF;B1;299;NA;133;NA;68.2;38.96798406;NA;NA;31.3;NA;NA;1;NA;1;3;1.5;6.5;NA;NA;NA;NA
NA;5;30;BRISONR_205;2018;GGE;1;LN_WF;B2;299;NA;133;NA;74.2;40.13893412;NA;NA;34.9;NA;NA;1;NA;1;2;2.5;6;NA;NA;NA;NA
NA;2;9;BRISONR_207;2018;GGE;1;LN_WF;B1;299;NA;135;NA;66.4;45.85531291;NA;NA;36.4;NA;NA;1;NA;1;1;1.5;3.5;NA;NA;NA;NA
NA;5;29;BRISONR_207;2018;GGE;1;LN_WF;B2;299;NA;134;NA;73.4;45.44093949;NA;NA;37.56666667;NA;NA;1;NA;1;1;1;2;NA;NA;NA;NA
NA;2;16;BRISONR_213;2018;GGE;1;LN_WF;B1;299;NA;136;NA;71;44.50361092;NA;NA;43.03333333;NA;NA;1;NA;1;1;1;2;NA;NA;NA;NA
NA;5;49;BRISONR_213;2018;GGE;1;LN_WF;B2;299;NA;135;NA;67.4;42.36200511;NA;NA;42.9;NA;NA;1;NA;1;1;2;3;NA;NA;NA;NA
NA;2;44;BRISONR_221;2018;GGE;1;LN_WF;B1;299;NA;136;NA;70.4;44.85915173;NA;NA;42.46666667;NA;NA;1;NA;1;1;1;1.5;NA;NA;NA;NA
NA;5;37;BRISONR_221;2018;GGE;1;LN_WF;B2;299;NA;136;NA;70.8;47.79250563;NA;NA;45.9;NA;NA;1;NA;1;1;1;2.5;NA;NA;NA;NA
NA;2;4;BRISONR_222;2018;GGE;1;LN_WF;B1;299;NA;136;NA;65;45.30602897;NA;NA;41.06666667;NA;NA;1;NA;1;2;1;3.5;NA;NA;NA;NA
NA;5;5;BRISONR_222;2018;GGE;1;LN_WF;B2;299;NA;136;NA;67;48.95583783;NA;NA;42.73333333;NA;NA;1;NA;1;1;1;3.5;NA;NA;NA;NA
NA;2;38;BRISONR_223;2018;GGE;1;LN_WF;B1;299;NA;136;NA;72;52.32905858;NA;NA;40.63333333;NA;NA;1;NA;1;2;1;1.5;NA;NA;NA;NA
NA;5;7;BRISONR_223;2018;GGE;1;LN_WF;B2;299;NA;136;NA;68.6;47.0620291;NA;NA;46.6;NA;NA;1;NA;2;1;1;3;NA;NA;NA;NA
NA;2;15;BRISONR_224;2018;GGE;1;LN_WF;B1;299;NA;136;NA;67;44.02637359;NA;NA;42.86666667;NA;NA;1;NA;1;1;1;3;NA;NA;NA;NA
NA;5;13;BRISONR_224;2018;GGE;1;LN_WF;B2;299;NA;136;NA;65;NA;NA;NA;NA;NA;NA;1;NA;1;1;1;2;NA;NA;NA;NA
NA;2;45;BRISONR_225;2018;GGE;1;LN_WF;B1;299;NA;136;NA;68.8;44.65133425;NA;NA;42.43333333;NA;NA;1;NA;1;2;1;1.5;NA;NA;NA;NA
NA;5;16;BRISONR_225;2018;GGE;1;LN_WF;B2;299;NA;136;NA;77.2;50.0435174;NA;NA;41.86666667;NA;NA;1;NA;1;1;1;2;NA;NA;NA;NA
NA;2;2;BRISONR_226;2018;GGE;1;LN_WF;B1;299;NA;136;NA;69;45.75542222;NA;NA;40.36666667;NA;NA;1;NA;1;2;1;2;NA;NA;NA;NA
NA;5;50;BRISONR_226;2018;GGE;1;LN_WF;B2;299;NA;135;NA;61.6;41.16621033;NA;NA;33.8;NA;NA;1;NA;1;1;1;3;NA;NA;NA;NA
NA;2;35;BRISONR_227;2018;GGE;1;LN_WF;B1;299;NA;138;NA;68;49.66586977;NA;NA;39.56666667;NA;NA;1;NA;1;1;1;2;NA;NA;NA;NA
NA;5;38;BRISONR_227;2018;GGE;1;LN_WF;B2;299;NA;138;NA;68;59.14924965;NA;NA;38.66666667;NA;NA;1;NA;1;1;1;2.5;NA;NA;NA;NA
NA;2;40;BRISONR_228;2018;GGE;1;LN_WF;B1;299;NA;135;NA;70.8;38.33660916;NA;NA;43;NA;NA;1;NA;1;1;1;4;NA;NA;NA;NA
NA;5;35;BRISONR_228;2018;GGE;1;LN_WF;B2;299;NA;135;NA;66.8;32.45609167;NA;NA;41.1;NA;NA;1;NA;1;1;1;3.5;NA;NA;NA;NA
NA;3;2;BRISONR_20;2018;GGE;1;HN_NF;B1;299;NA;137;NA;60.2;30.76399826;205.436;533.6;34.86666667;NA;233.45;1;NA;1;2;4.5;1.5;NA;NA;NA;7637.15
NA;6;18;BRISONR_20;2018;GGE;1;HN_NF;B2;299;NA;137;NA;66;35.17016348;190.762;601.634;33.46666667;NA;266.8;1;NA;2;5;1.5;2.5;NA;NA;NA;7617.14
NA;3;29;BRISONR_26;2018;GGE;1;HN_NF;B1;299;NA;136;NA;69.8;48.84432344;360.847;848.424;43.4;NA;320.16;1;NA;1;1;1;2;NA;NA;NA;9824.91
NA;6;52;BRISONR_26;2018;GGE;1;HN_NF;B2;299;NA;135;NA;71;49.50084186;390.862;911.122;46.56666667;NA;306.82;1;NA;2;2;1;3;NA;NA;NA;10178.42
NA;3;44;BRISONR_27;2018;GGE;1;HN_NF;B1;299;NA;136;NA;69.6;39.5999406;399.533;987.827;34.86666667;NA;326.83;1;NA;1;2;5;1.5;NA;NA;NA;12713.02
NA;6;3;BRISONR_27;2018;GGE;1;HN_NF;B2;299;NA;136;NA;68.2;37.41785834;184.759;746.373;34.03333333;NA;260.13;1;NA;1;1;1;3;NA;NA;NA;7437.05
NA;3;28;BRISONR_31;2018;GGE;1;HN_NF;B1;299;NA;136;NA;65.8;48.68291132;414.207;930.465;35.66666667;NA;353.51;1;NA;2;2;1;2;NA;NA;NA;13133.23
NA;6;24;BRISONR_31;2018;GGE;1;HN_NF;B2;299;NA;136;NA;69.8;45.24755118;236.118;673.67;36.06666667;NA;260.13;1;NA;1;3;1.5;2.5;NA;NA;NA;8130.73
NA;3;4;BRISONR_38;2018;GGE;1;HN_NF;B1;299;NA;136;NA;67.4;47.31232689;278.806;661.664;33.53333333;NA;280.14;1;NA;1;2;1;2;NA;NA;NA;8837.75
NA;6;21;BRISONR_38;2018;GGE;1;HN_NF;B2;299;NA;135;NA;73.8;42.54883118;290.812;899.783;34.33333333;NA;386.86;1;NA;1;3;1;1.5;NA;NA;NA;11559.11
NA;3;8;BRISONR_47;2018;GGE;1;HN_NF;B1;299;NA;136;NA;69.6;49.22558311;268.801;638.986;38.96666667;NA;213.44;1;NA;2;1;1;3;NA;NA;NA;7837.25
NA;6;5;BRISONR_47;2018;GGE;1;HN_NF;B2;299;NA;135;NA;66.4;45.14504246;339.503;878.439;40.23333333;NA;320.16;1;NA;1;1;1;1;NA;NA;NA;11865.93
NA;3;49;BRISONR_50;2018;GGE;1;HN_NF;B1;299;NA;136;NA;62.8;42.0062868;336.168;828.414;37.26666667;NA;220.11;1;NA;4;1;1;1;NA;NA;NA;10438.55
NA;6;51;BRISONR_50;2018;GGE;1;HN_NF;B2;299;NA;136;NA;58.2;39.69762758;272.136;797.732;32.9;NA;280.14;1;NA;2;2;1;2;NA;NA;NA;9631.48
NA;3;48;BRISONR_54;2018;GGE;1;HN_NF;B1;299;NA;136;NA;73;52.2043588;446.89;979.823;43.36666667;NA;340.17;1;NA;1;1;2;1;NA;NA;NA;12572.95
NA;6;40;BRISONR_54;2018;GGE;1;HN_NF;B2;299;NA;136;NA;73.4;48.01561044;422.878;987.16;41.66666667;NA;313.49;1;NA;1;2;1;1.5;NA;NA;NA;13580.12
NA;3;20;BRISONR_56;2018;GGE;1;HN_NF;B1;299;NA;137;NA;77.4;45.33857506;363.515;941.804;38.53333333;NA;346.84;1;NA;4;1;2;2;NA;NA;NA;12626.31
NA;6;17;BRISONR_56;2018;GGE;1;HN_NF;B2;299;NA;136;NA;205.6;41.54164887;202.768;864.432;31.43333333;NA;273.47;1;NA;1;1;1;2.5;NA;NA;NA;7597.13
NA;3;3;BRISONR_59;2018;GGE;1;HN_NF;B1;299;NA;136;NA;64.6;35.2793778;288.144;779.723;36.63333333;NA;246.79;1;NA;3;1;4.5;2;NA;NA;NA;9798.23
NA;6;2;BRISONR_59;2018;GGE;1;HN_NF;B2;299;NA;136;NA;62.4;44.04605719;346.84;843.755;36.6;NA;326.83;1;NA;4;1;3;2;NA;NA;NA;12066.03
NA;3;22;BRISONR_67;2018;GGE;1;HN_NF;B1;299;NA;136;NA;75.8;49.5276652;520.927;1097.882;39.6;NA;326.83;1;NA;1;3;1.5;1.5;NA;NA;NA;14840.75
NA;6;15;BRISONR_67;2018;GGE;1;HN_NF;B2;299;NA;135;NA;72.6;45.80611994;308.154;875.771;37.83333333;NA;346.84;1;NA;1;1;1;1.5;NA;NA;NA;10305.15
NA;3;42;BRISONR_69;2018;GGE;1;HN_NF;B1;299;NA;139;NA;79.8;47.9569367;420.877;963.148;41.86666667;NA;320.16;1;NA;1;3;1;3;NA;NA;NA;11905.95
NA;6;13;BRISONR_69;2018;GGE;1;HN_NF;B2;299;NA;139;NA;67.2;43.74692798;404.869;919.126;38.5;NA;280.14;1;NA;1;3;1;2;NA;NA;NA;10798.73
NA;3;45;BRISONR_71;2018;GGE;1;HN_NF;B1;299;NA;135;NA;71.6;41.46611105;367.517;838.419;36.83333333;NA;320.16;1;NA;1;3;1;1.5;NA;NA;NA;11212.27
NA;6;50;BRISONR_71;2018;GGE;1;HN_NF;B2;299;NA;135;NA;72;47.05643827;305.486;713.69;38.4;NA;273.47;1;NA;1;2;2.5;3;NA;NA;NA;9251.29
NA;3;5;BRISONR_80;2018;GGE;1;HN_NF;B1;299;NA;136;NA;71.8;46.95501729;356.178;849.758;37;NA;300.15;1;NA;2;2;3;1.5;NA;NA;NA;10018.34
NA;6;12;BRISONR_80;2018;GGE;1;HN_NF;B2;299;NA;136;NA;70.6;45.23578328;216.775;570.952;40.86666667;NA;186.76;1;NA;1;1;2;1;NA;NA;NA;6790.06
NA;3;23;BRISONR_92;2018;GGE;1;HN_NF;B1;299;NA;136;NA;75.2;43.46826553;262.131;783.725;37.46666667;NA;320.16;1;NA;2;2;4.5;1;NA;NA;NA;10291.81
NA;6;42;BRISONR_92;2018;GGE;1;HN_NF;B2;299;NA;135;NA;75;46.73721195;274.137;904.452;34.13333333;NA;400.2;1;NA;3;3;1;2.5;NA;NA;NA;10778.72
NA;3;47;BRISONR_96;2018;GGE;1;HN_NF;B1;299;NA;136;NA;69.6;46.59020235;444.222;1041.187;37.36666667;NA;346.84;1;NA;1;2;2;2;NA;NA;NA;13426.71
NA;6;47;BRISONR_96;2018;GGE;1;HN_NF;B2;299;NA;136;NA;72;45.3894056;323.495;886.443;35.76666667;NA;326.83;1;NA;1;2;1;3;NA;NA;NA;12212.77
NA;3;18;BRISONR_99;2018;GGE;1;HN_NF;B1;299;NA;136;NA;79.6;44.98919178;334.167;835.084;40.9;NA;273.47;1;NA;1;5;1.5;2.5;NA;NA;NA;9631.48
NA;6;22;BRISONR_99;2018;GGE;1;HN_NF;B2;299;NA;134;NA;73.6;50.43292672;386.193;824.412;40.53333333;NA;260.13;1;NA;1;3;1;3;NA;NA;NA;11278.97
NA;3;24;BRISONR_102;2018;GGE;1;HN_NF;B1;299;NA;136;NA;82;51.77209249;444.889;1125.896;38.83333333;NA;373.52;1;NA;2;3;3;1.5;NA;NA;NA;12392.86
NA;6;4;BRISONR_102;2018;GGE;1;HN_NF;B2;299;NA;136;NA;77;40.89701468;317.492;899.783;37.43333333;NA;273.47;1;NA;1;1;1;2.5;NA;NA;NA;10051.69
NA;3;19;BRISONR_104;2018;GGE;1;HN_NF;B1;299;NA;136;NA;79.6;36.40878682;259.463;932.466;32.6;NA;313.49;1;NA;1;2;2.5;#VALUE!;NA;NA;NA;9911.62
NA;6;35;BRISONR_104;2018;GGE;1;HN_NF;B2;299;NA;136;NA;80.6;38.22208029;175.421;731.032;35.13333333;NA;320.16;1;NA;2;2;1;2;NA;NA;NA;6830.08
NA;3;33;BRISONR_110;2018;GGE;1;HN_NF;B1;299;NA;136;NA;81.2;40.33625716;395.531;1067.867;40.56666667;NA;380.19;1;NA;1;3;4;1;NA;NA;NA;12286.14
NA;6;14;BRISONR_110;2018;GGE;1;HN_NF;B2;299;NA;136;NA;64;36.3313857;206.103;697.682;35;NA;233.45;1;NA;1;1;1;2.5;NA;NA;NA;6269.8
NA;3;1;BRISONR_114;2018;GGE;1;HN_NF;B1;299;NA;139;NA;68;27.98348881;204.769;648.991;34.53333333;NA;280.14;1;NA;5;4;6.5;3.5;NA;NA;NA;7510.42
NA;6;33;BRISONR_114;2018;GGE;1;HN_NF;B2;299;NA;139;NA;81.2;31.94832987;148.741;628.314;34.7;NA;233.45;1;NA;1;2;5;3.5;NA;NA;NA;6063.03
NA;3;27;BRISONR_118;2018;GGE;1;HN_NF;B1;299;NA;136;NA;70.2;41.50855908;327.497;819.743;37.83333333;NA;293.48;1;NA;2;3;2.5;3.5;NA;NA;NA;10878.77
NA;6;9;BRISONR_118;2018;GGE;1;HN_NF;B2;299;NA;139;NA;69.8;30.55701991;220.777;739.036;34.2;NA;286.81;1;NA;1;4;1;1;NA;NA;NA;7950.64
NA;3;46;BRISONR_121;2018;GGE;1;HN_NF;B1;299;NA;135;NA;75;41.49514693;340.17;882.441;35.43333333;NA;353.51;1;NA;1;4;1;2.5;NA;NA;NA;10772.05
NA;6;43;BRISONR_121;2018;GGE;1;HN_NF;B2;299;NA;135;NA;86;47.12172947;325.496;783.058;40.73333333;NA;273.47;1;NA;1;4;1;2;NA;NA;NA;9004.5
NA;3;9;BRISONR_124;2018;GGE;1;HN_NF;B1;299;NA;136;NA;72.4;47.31723197;211.439;618.976;33.06666667;NA;226.78;1;NA;5;1;2.5;3;NA;NA;NA;7797.23
NA;6;11;BRISONR_124;2018;GGE;1;HN_NF;B2;299;NA;136;NA;64.4;36.07870302;191.429;649.658;30.8;NA;300.15;1;NA;3;1;1;2;NA;NA;NA;7170.25
NA;3;7;BRISONR_126;2018;GGE;1;HN_NF;B1;299;NA;136;NA;80;40.79283355;254.794;675.004;37.13333333;NA;293.48;1;NA;2;4;4.5;5;NA;NA;NA;7890.61
NA;6;27;BRISONR_126;2018;GGE;1;HN_NF;B2;299;NA;135;NA;78.6;42.28766217;306.82;865.099;33.13333333;NA;273.47;1;NA;2;2;4.5;1.5;NA;NA;NA;10105.05
NA;3;10;BRISONR_131;2018;GGE;1;HN_NF;B1;299;NA;139;NA;73;39.40151636;284.142;825.079;41.2;NA;293.48;1;NA;6;2;5;3;NA;NA;NA;8857.76
NA;6;25;BRISONR_131;2018;GGE;1;HN_NF;B2;299;NA;139;NA;77;40.05888728;154.744;751.042;40.66666667;NA;353.51;1;NA;1;5;4;2.5;NA;NA;NA;5509.42
NA;3;41;BRISONR_134;2018;GGE;1;HN_NF;B1;299;NA;136;NA;74.2;43.89120502;302.818;771.052;37.76666667;NA;280.14;1;NA;1;4;2.5;2;NA;NA;NA;8764.38
NA;6;20;BRISONR_134;2018;GGE;1;HN_NF;B2;299;NA;136;NA;76.6;45.02839667;178.756;550.942;41.33333333;NA;213.44;1;NA;1;1;1;3;NA;NA;NA;5776.22
NA;3;25;BRISONR_135;2018;GGE;1;HN_NF;B1;299;NA;136;NA;77.4;39.03063397;233.45;1019.176;38.43333333;NA;333.5;1;NA;3;2;5.5;1;NA;NA;NA;8144.07
NA;6;34;BRISONR_135;2018;GGE;1;HN_NF;B2;299;NA;136;NA;76.8;40.01534521;240.12;716.358;41.53333333;NA;293.48;1;NA;2;2;2;3.5;NA;NA;NA;7597.13
NA;3;36;BRISONR_138;2018;GGE;1;HN_NF;B1;299;NA;136;NA;82.2;44.34565524;452.893;1038.519;39.5;NA;353.51;1;NA;4;3;3;1;NA;NA;NA;12252.79
NA;6;37;BRISONR_138;2018;GGE;1;HN_NF;B2;299;NA;136;NA;78.6;41.83339405;316.158;837.752;38.6;NA;313.49;1;NA;1;2;1;1.5;NA;NA;NA;9731.53
NA;3;16;BRISONR_143;2018;GGE;1;HN_NF;B1;299;NA;136;NA;86.6;48.67463181;517.592;1251.292;41.5;NA;373.52;1;NA;2;2;1;2.5;NA;NA;NA;14493.91
NA;6;1;BRISONR_143;2018;GGE;1;HN_NF;B2;299;NA;135;NA;74.4;43.39339944;220.11;927.797;41.86666667;NA;346.84;1;NA;2;1;1.5;3;NA;NA;NA;6916.79
NA;3;21;BRISONR_145;2018;GGE;1;HN_NF;B1;299;NA;140;NA;80.8;45.4435142;442.221;1070.535;43.63333333;NA;326.83;1;NA;2;1;1.5;1.5;NA;NA;NA;12619.64
NA;6;19;BRISONR_145;2018;GGE;1;HN_NF;B2;299;NA;140;NA;74.4;43.49668987;266.133;729.698;39;NA;306.82;1;NA;1;5;1;3.5;NA;NA;NA;9164.58
NA;3;43;BRISONR_150;2018;GGE;1;HN_NF;B1;299;NA;140;NA;80.4;38.46069259;324.162;874.437;42.76666667;NA;293.48;1;NA;2;2;6;1.5;NA;NA;NA;9037.85
NA;6;23;BRISONR_150;2018;GGE;1;HN_NF;B2;299;NA;140;NA;86.4;43.85673564;282.141;845.756;40.43333333;NA;266.8;1;NA;3;4;5.5;2;NA;NA;NA;8390.86
NA;3;6;BRISONR_153;2018;GGE;1;HN_NF;B1;299;NA;136;NA;72.2;40.7066762;274.137;723.028;38.06666667;NA;300.15;1;NA;1;1;4;1.5;NA;NA;NA;9378.02
NA;6;30;BRISONR_153;2018;GGE;1;HN_NF;B2;299;NA;136;NA;83.6;46.10157558;207.437;593.63;34.46666667;NA;206.77;1;NA;1;1;3.5;1.5;NA;NA;NA;6323.16
NA;3;34;BRISONR_158;2018;GGE;1;HN_NF;B1;299;NA;140;NA;84;40.71779025;308.821;885.109;35.26666667;NA;306.82;1;NA;2;1;1;3;NA;NA;NA;10098.38
NA;6;41;BRISONR_158;2018;GGE;1;HN_NF;B2;299;NA;140;NA;83.8;40.98128884;266.133;844.422;35;NA;293.48;NA;NA;1;1;1;3.5;NA;NA;NA;9544.77
NA;3;37;BRISONR_160;2018;GGE;1;HN_NF;B1;299;NA;136;NA;83;48.0062055;476.905;1128.564;43.56666667;NA;306.82;1;NA;2;1;1.5;1;NA;NA;NA;8597.63
NA;6;36;BRISONR_160;2018;GGE;1;HN_NF;B2;299;NA;136;NA;76;42.4794004;260.797;771.719;41.9;NA;273.47;1;NA;2;2;1.5;1.5;NA;NA;NA;7697.18
NA;3;52;BRISONR_162;2018;GGE;1;HN_NF;B1;299;NA;139;NA;72.6;48.3569107;438.219;1093.213;44.8;NA;353.51;1;NA;2;1;4;2;NA;NA;NA;11825.91
NA;6;31;BRISONR_162;2018;GGE;1;HN_NF;B2;299;NA;139;NA;84.4;47.1673393;246.123;673.67;43.43333333;NA;213.44;1;NA;2;3;1;2.5;NA;NA;NA;7010.17
NA;3;39;BRISONR_164;2018;GGE;1;HN_NF;B1;299;NA;136;NA;87.8;42.13683025;316.158;806.403;38.76666667;NA;260.13;1;NA;2;1;5.5;1.5;NA;NA;NA;9177.92
NA;6;7;BRISONR_164;2018;GGE;1;HN_NF;B2;299;NA;136;NA;74.4;37.60986732;142.071;747.707;37.8;NA;340.17;1;NA;4;1;1.5;3.5;NA;NA;NA;5162.58
NA;3;15;BRISONR_166;2018;GGE;1;HN_NF;B1;299;NA;136;NA;93.2;46.00558101;384.859;920.46;43.93333333;NA;280.14;1;NA;2;2;4;2.5;NA;NA;NA;10205.1
NA;6;39;BRISONR_166;2018;GGE;1;HN_NF;B2;299;NA;136;NA;82.8;44.02343844;348.841;961.147;37.53333333;NA;313.49;1;NA;1;2;4.5;1;NA;NA;NA;10311.82
NA;3;31;BRISONR_169;2018;GGE;1;HN_NF;B1;299;NA;135;NA;84.6;41.55510144;288.811;775.054;39.13333333;NA;266.8;1;NA;2;4;3.5;2;NA;NA;NA;9311.32
NA;6;45;BRISONR_169;2018;GGE;1;HN_NF;B2;299;NA;135;NA;84.8;46.12969326;249.458;717.025;38.5;NA;260.13;1;NA;1;2;1;3.5;NA;NA;NA;8364.18
NA;3;14;BRISONR_176;2018;GGE;1;HN_NF;B1;299;NA;135;NA;98;41.46304581;323.495;942.471;44.63333333;NA;320.16;1;NA;4;3;4.5;3;NA;NA;NA;8904.45
NA;6;16;BRISONR_176;2018;GGE;1;HN_NF;B2;299;NA;134;NA;91.2;40.28151416;175.421;655.661;39.73333333;NA;266.8;1;NA;3;1;4;3.5;NA;NA;NA;5489.41
NA;3;50;BRISONR_188;2018;GGE;1;HN_NF;B1;299;NA;136;NA;63;38.11384699;350.842;909.788;40.13333333;NA;280.14;1;NA;1;1;1;2.5;NA;NA;NA;9871.6
NA;6;46;BRISONR_188;2018;GGE;1;HN_NF;B2;299;NA;135;NA;63.4;39.80604592;230.782;647.657;36.83333333;NA;313.49;1;NA;2;2;1;3;NA;NA;NA;7196.93
NA;3;38;BRISONR_205;2018;GGE;1;HN_NF;B1;299;NA;133;NA;75.4;40.06781507;442.221;1143.905;37.26666667;NA;433.55;1;NA;1;2;#VALUE!;6;NA;NA;NA;17168.58
NA;6;32;BRISONR_205;2018;GGE;1;HN_NF;B2;299;NA;133;NA;66.8;39.13191302;214.107;763.048;34.3;NA;306.82;1;NA;1;2;2.5;4.5;NA;NA;NA;9438.05
NA;3;35;BRISONR_207;2018;GGE;1;HN_NF;B1;299;NA;135;NA;68;39.61727487;410.872;952.476;36.4;NA;320.16;1;NA;1;5;2.5;2;NA;NA;NA;13066.53
NA;6;48;BRISONR_207;2018;GGE;1;HN_NF;B2;299;NA;135;NA;66.6;45.74842474;280.807;703.018;36.43333333;NA;260.13;1;NA;1;7;1.5;1.5;NA;NA;NA;9411.37
NA;3;17;BRISONR_213;2018;GGE;1;HN_NF;B1;299;NA;136;NA;84.2;44.03265706;412.206;975.154;40.83333333;NA;346.84;1;NA;3;3;1;2;NA;NA;NA;12019.34
NA;6;8;BRISONR_213;2018;GGE;1;HN_NF;B2;299;NA;134;NA;67;28.37973039;262.131;708.354;37.96666667;NA;280.14;1;NA;1;1;1;2;NA;NA;NA;6943.47
NA;3;12;BRISONR_221;2018;GGE;1;HN_NF;B1;299;NA;136;NA;82.2;49.07006555;388.194;903.118;43;NA;340.17;1;NA;2;2;2;1.5;NA;NA;NA;11018.84
NA;6;49;BRISONR_221;2018;GGE;1;HN_NF;B2;299;NA;136;NA;74.4;53.08700171;383.525;902.451;45.26666667;NA;333.5;1;NA;1;4;1;2;NA;NA;NA;11012.17
NA;3;11;BRISONR_222;2018;GGE;1;HN_NF;B1;299;NA;136;NA;70.8;50.11638535;480.907;1055.194;38.1;NA;333.5;1;NA;2;2;1;2;NA;NA;NA;14260.46
NA;6;29;BRISONR_222;2018;GGE;1;HN_NF;B2;299;NA;136;NA;70.8;53.67784672;437.552;925.129;38.1;NA;280.14;1;NA;1;4;2.5;1.5;NA;NA;NA;11799.23
NA;3;32;BRISONR_223;2018;GGE;1;HN_NF;B1;299;NA;136;NA;73.4;44.21742228;502.918;1220.61;44.16666667;NA;380.19;1;NA;1;2;1;1;NA;NA;NA;17108.55
NA;6;38;BRISONR_223;2018;GGE;1;HN_NF;B2;299;NA;136;NA;71.2;43.78151328;220.11;884.442;39.4;NA;333.5;1;NA;1;2;1;1;NA;NA;NA;8117.39
NA;3;30;BRISONR_224;2018;GGE;1;HN_NF;B1;299;NA;136;NA;67.8;56.64078915;321.494;756.378;42.3;NA;186.76;1;NA;2;3;1.5;1;NA;NA;NA;8737.7
NA;6;26;BRISONR_224;2018;GGE;1;HN_NF;B2;299;NA;135;NA;70;54.42408279;292.813;679.673;45.6;NA;266.8;1;NA;1;2;1;1.5;NA;NA;NA;8237.45
NA;3;51;BRISONR_225;2018;GGE;1;HN_NF;B1;299;NA;136;NA;67.6;44.42207295;352.843;841.087;41.26666667;NA;280.14;1;NA;2;1;1;2;NA;NA;NA;10071.7
NA;6;28;BRISONR_225;2018;GGE;1;HN_NF;B2;299;NA;135;NA;72.8;55.61363556;285.476;712.356;42.9;NA;253.46;1;NA;1;1;1;1.5;NA;NA;NA;8417.54
NA;3;26;BRISONR_226;2018;GGE;1;HN_NF;B1;299;NA;136;NA;71.8;40.57918498;361.514;1075.204;29.33333333;NA;393.53;1;NA;1;2;1;1;NA;NA;NA;13660.16
NA;6;6;BRISONR_226;2018;GGE;1;HN_NF;B2;299;NA;135;NA;65.2;40.17604315;242.788;735.034;33.86666667;NA;293.48;1;NA;1;1;1;1;NA;NA;NA;10405.2
NA;3;40;BRISONR_227;2018;GGE;1;HN_NF;B1;299;NA;138;NA;72.6;51.01084164;410.872;948.474;35.16666667;NA;293.48;1;NA;1;2;1;2;NA;NA;NA;13853.59
NA;6;10;BRISONR_227;2018;GGE;1;HN_NF;B2;299;NA;138;NA;61.6;45.26419803;268.801;795.064;35.1;NA;300.15;1;NA;1;1;1;1.5;NA;NA;NA;9131.23
NA;3;13;BRISONR_228;2018;GGE;1;HN_NF;B1;299;NA;135;NA;76.2;43.15124102;412.873;955.811;40.16666667;NA;373.52;1;NA;2;4;1;3;NA;NA;NA;103951.95
NA;6;44;BRISONR_228;2018;GGE;1;HN_NF;B2;299;NA;135;NA;72.4;49.22199854;325.496;747.04;40.1;NA;233.45;1;NA;2;1;1.5;2;NA;NA;NA;8864.43
NA;2;57;BRISONR_20;2018;GGE;1;HN_WF;B1;299;NA;137;NA;64.4;47.16676235;NA;NA;36.33333333;NA;NA;1;NA;1;1;2.5;2;NA;NA;NA;NA
NA;5;57;BRISONR_20;2018;GGE;1;HN_WF;B2;299;NA;137;NA;59.2;42.77295822;NA;NA;39.06666667;NA;NA;1;NA;1;5;1.5;2.5;NA;NA;NA;NA
NA;3;69;BRISONR_26;2018;GGE;1;HN_WF;B1;299;NA;135;NA;72.4;54.61607589;NA;NA;44.76666667;NA;NA;1;NA;1;1;2.5;2.5;NA;NA;NA;NA
NA;6;61;BRISONR_26;2018;GGE;1;HN_WF;B2;299;NA;135;NA;68.8;47.28719455;NA;NA;42.16666667;NA;NA;1;NA;1;2;1;3;NA;NA;NA;NA
NA;3;66;BRISONR_27;2018;GGE;1;HN_WF;B1;299;NA;136;NA;71.4;47.0109858;NA;NA;35.33333333;NA;NA;1;NA;1;2;4;1.5;NA;NA;NA;NA
NA;4;58;BRISONR_27;2018;GGE;1;HN_WF;B2;299;NA;136;NA;72.8;48.16096354;NA;NA;41.2;NA;NA;1;NA;1;2;5;1.5;NA;NA;NA;NA
NA;2;59;BRISONR_31;2018;GGE;1;HN_WF;B1;299;NA;135;NA;64.6;54.85757102;NA;NA;38.9;NA;NA;1;NA;1;1;1;2;NA;NA;NA;NA
NA;4;66;BRISONR_31;2018;GGE;1;HN_WF;B2;299;NA;136;NA;212.8;64.48743789;NA;NA;42.83333333;NA;NA;1;NA;1;1;1;2;NA;NA;NA;NA
NA;1;68;BRISONR_38;2018;GGE;1;HN_WF;B1;299;NA;135;NA;71.8;50.91909532;NA;NA;34.03333333;NA;NA;1;NA;1;2;1;2;NA;NA;NA;NA
NA;5;65;BRISONR_38;2018;GGE;1;HN_WF;B2;299;NA;136;NA;74.2;50.38560602;NA;NA;39.26666667;NA;NA;1;NA;1;3;1.5;1.5;NA;NA;NA;NA
NA;3;67;BRISONR_47;2018;GGE;1;HN_WF;B1;299;NA;136;NA;75.8;57.26107505;NA;NA;42.86666667;NA;NA;1;NA;1;2;1;2;NA;NA;NA;NA
NA;6;70;BRISONR_47;2018;GGE;1;HN_WF;B2;299;NA;135;NA;61.6;45.66795566;NA;NA;41.1;NA;NA;1;NA;2;1;1;1.5;NA;NA;NA;NA
NA;2;71;BRISONR_50;2018;GGE;1;HN_WF;B1;299;NA;136;NA;65.8;42.43574956;NA;NA;37.03333333;NA;NA;1;NA;1;2;1;2.5;NA;NA;NA;NA
NA;5;66;BRISONR_50;2018;GGE;1;HN_WF;B2;299;NA;136;NA;65.4;48.65489778;NA;NA;40.13333333;NA;NA;1;NA;1;2;2.5;1.5;NA;NA;NA;NA
NA;3;63;BRISONR_54;2018;GGE;1;HN_WF;B1;299;NA;136;NA;72.2;59.84175965;NA;NA;41.43333333;NA;NA;1;NA;2;1;1;2;NA;NA;NA;NA
NA;5;68;BRISONR_54;2018;GGE;1;HN_WF;B2;299;NA;135;NA;71.8;53.84022342;NA;NA;42.9;NA;NA;1;NA;1;2;2;1.5;NA;NA;NA;NA
NA;3;70;BRISONR_56;2018;GGE;1;HN_WF;B1;299;NA;136;NA;80.2;55.52798425;NA;NA;38.6;NA;NA;1;NA;1;1;1.5;2;NA;NA;NA;NA
NA;5;56;BRISONR_56;2018;GGE;1;HN_WF;B2;299;NA;136;NA;73.6;46.31975447;NA;NA;37.96666667;NA;NA;1;NA;1;1;1.5;2;NA;NA;NA;NA
NA;1;62;BRISONR_59;2018;GGE;1;HN_WF;B1;299;NA;135;NA;67.6;47.73032903;NA;NA;39.86666667;NA;NA;1;NA;2;2;2.5;1.5;NA;NA;NA;NA
NA;6;71;BRISONR_59;2018;GGE;1;HN_WF;B2;299;NA;136;NA;63.6;40.74080629;NA;NA;39.2;NA;NA;1;NA;1;2;3;2.5;NA;NA;NA;NA
NA;1;60;BRISONR_67;2018;GGE;1;HN_WF;B1;299;NA;135;NA;71.8;49.30525103;NA;NA;37.4;NA;NA;1;NA;1;2;1.5;3.5;NA;NA;NA;NA
NA;6;65;BRISONR_67;2018;GGE;1;HN_WF;B2;299;NA;135;NA;67.2;48.69215422;NA;NA;39.33333333;NA;NA;1;NA;2;1;1.5;1.5;NA;NA;NA;NA
NA;1;66;BRISONR_69;2018;GGE;1;HN_WF;B1;299;NA;139;NA;78.2;49.24193348;NA;NA;43.53333333;NA;NA;1;NA;2;2;1;3.5;NA;NA;NA;NA
NA;4;70;BRISONR_69;2018;GGE;1;HN_WF;B2;299;NA;139;NA;73;64.33021203;NA;NA;46.56666667;NA;NA;1;NA;1;1;1;1.5;NA;NA;NA;NA
NA;2;63;BRISONR_71;2018;GGE;1;HN_WF;B1;299;NA;136;NA;68.4;48.68622507;NA;NA;35.33333333;NA;NA;1;NA;1;3;1;3;NA;NA;NA;NA
NA;5;63;BRISONR_71;2018;GGE;1;HN_WF;B2;299;NA;135;NA;71.8;51.01221632;NA;NA;41.26666667;NA;NA;1;NA;1;2;1;2;NA;NA;NA;NA
NA;2;60;BRISONR_80;2018;GGE;1;HN_WF;B1;299;NA;136;NA;70.4;52.87565839;NA;NA;38.73333333;NA;NA;1;NA;1;2;1;1.5;NA;NA;NA;NA
NA;4;57;BRISONR_80;2018;GGE;1;HN_WF;B2;299;NA;136;NA;76;56.04086658;NA;NA;46.3;NA;NA;1;NA;1;3;1;2.5;NA;NA;NA;NA
NA;3;58;BRISONR_92;2018;GGE;1;HN_WF;B1;299;NA;136;NA;79.4;49.27818025;NA;NA;35.63333333;NA;NA;1;NA;1;1;2.5;2.5;NA;NA;NA;NA
NA;6;67;BRISONR_92;2018;GGE;1;HN_WF;B2;299;NA;135;NA;67;41.85579829;NA;NA;34.26666667;NA;NA;1;NA;1;3;2.5;1.5;NA;NA;NA;NA
NA;3;57;BRISONR_96;2018;GGE;1;HN_WF;B1;299;NA;136;NA;78.6;48.22977811;NA;NA;35.26666667;NA;NA;1;NA;1;2;1;3;NA;NA;NA;NA
NA;4;59;BRISONR_96;2018;GGE;1;HN_WF;B2;299;NA;136;NA;75;58.17171521;NA;NA;42.13333333;NA;NA;1;NA;1;2;1.5;2.5;NA;NA;NA;NA
NA;1;64;BRISONR_99;2018;GGE;1;HN_WF;B1;299;NA;135;NA;75.2;50.26458626;NA;NA;41.33333333;NA;NA;1;NA;1;2;2.5;2.5;NA;NA;NA;NA
NA;5;58;BRISONR_99;2018;GGE;1;HN_WF;B2;299;NA;136;NA;73.8;51.82265301;NA;NA;45.96666667;NA;NA;1;NA;1;3;1;2;NA;NA;NA;NA
NA;1;58;BRISONR_102;2018;GGE;1;HN_WF;B1;299;NA;136;NA;75;42.89509271;NA;NA;39.36666667;NA;NA;1;NA;1;3;1.5;3;NA;NA;NA;NA
NA;4;63;BRISONR_102;2018;GGE;1;HN_WF;B2;299;NA;136;NA;87.2;59.26711082;NA;NA;44.73333333;NA;NA;1;NA;1;2;1;3;NA;NA;NA;NA
NA;3;61;BRISONR_104;2018;GGE;1;HN_WF;B1;299;NA;136;NA;73.6;39.8344751;NA;NA;32.26666667;NA;NA;1;NA;1;1;2;2;NA;NA;NA;NA
NA;6;60;BRISONR_104;2018;GGE;1;HN_WF;B2;299;NA;136;NA;72;40.80670571;NA;NA;32.03333333;NA;NA;1;NA;1;2;1;2.5;NA;NA;NA;NA
NA;3;65;BRISONR_110;2018;GGE;1;HN_WF;B1;299;NA;136;NA;80;46.75246088;NA;NA;42.9;NA;NA;1;NA;1;1;2.5;2;NA;NA;NA;NA
NA;6;66;BRISONR_110;2018;GGE;1;HN_WF;B2;299;NA;136;NA;67.6;36.21784041;NA;NA;37.63333333;NA;NA;1;NA;1;1;1;2;NA;NA;NA;NA
NA;3;56;BRISONR_114;2018;GGE;1;HN_WF;B1;299;NA;139;NA;74.4;39.44410351;NA;NA;37.23333333;NA;NA;1;NA;1;1;5.5;2.5;NA;NA;NA;NA
NA;4;64;BRISONR_114;2018;GGE;1;HN_WF;B2;299;NA;139;NA;84;50.72099274;NA;NA;42.23333333;NA;NA;1;NA;1;2;4.5;1;NA;NA;NA;NA
NA;2;68;BRISONR_118;2018;GGE;1;HN_WF;B1;299;NA;136;NA;70.4;47.67520979;NA;NA;41.13333333;NA;NA;1;NA;1;3;1.5;2.5;NA;NA;NA;NA
NA;4;62;BRISONR_118;2018;GGE;1;HN_WF;B2;299;NA;136;NA;82.2;53.38426855;NA;NA;41.86666667;NA;NA;1;NA;1;2;2.5;1.5;NA;NA;NA;NA
NA;2;65;BRISONR_121;2018;GGE;1;HN_WF;B1;299;NA;135;NA;74.6;47.07550771;NA;NA;38.56666667;NA;NA;1;NA;1;4;2;1.5;NA;NA;NA;NA
NA;6;64;BRISONR_121;2018;GGE;1;HN_WF;B2;299;NA;135;NA;65.4;53.83608006;NA;NA;40.36666667;NA;NA;1;NA;1;4;1;2;NA;NA;NA;NA
NA;3;60;BRISONR_124;2018;GGE;1;HN_WF;B1;299;NA;135;NA;67.4;42.08689961;NA;NA;33.53333333;NA;NA;1;NA;1;2;1;2;NA;NA;NA;NA
NA;4;60;BRISONR_124;2018;GGE;1;HN_WF;B2;299;NA;136;NA;74.6;52.14594499;NA;NA;39.3;NA;NA;1;NA;1;3;2;1;NA;NA;NA;NA
NA;2;69;BRISONR_126;2018;GGE;1;HN_WF;B1;299;NA;135;NA;71.4;47.14453738;NA;NA;38.53333333;NA;NA;1;NA;1;2;3.5;2;NA;NA;NA;NA
NA;5;71;BRISONR_126;2018;GGE;1;HN_WF;B2;299;NA;135;NA;67.4;36.72217017;NA;NA;37.9;NA;NA;1;NA;1;2;5;2.5;NA;NA;NA;NA
NA;2;56;BRISONR_131;2018;GGE;1;HN_WF;B1;299;NA;135;NA;78.2;52.81247249;NA;NA;44.5;NA;NA;1;NA;1;2;3;4;NA;NA;NA;NA
NA;4;68;BRISONR_131;2018;GGE;1;HN_WF;B2;299;NA;139;NA;83.2;58.16773155;NA;NA;44.8;NA;NA;1;NA;1;1;2.5;5;NA;NA;NA;NA
NA;3;62;BRISONR_134;2018;GGE;1;HN_WF;B1;299;NA;136;NA;70;43.98422208;NA;NA;40.06666667;NA;NA;1;NA;1;1;1;2.5;NA;NA;NA;NA
NA;4;71;BRISONR_134;2018;GGE;1;HN_WF;B2;299;NA;136;NA;74.8;53.70105249;NA;NA;43.3;NA;NA;1;NA;1;2;1;1.5;NA;NA;NA;NA
NA;3;74;BRISONR_135;2018;GGE;1;HN_WF;B1;299;NA;135;NA;79;49.10038402;NA;NA;42.3;NA;NA;1;NA;2;3;1.5;2;NA;NA;NA;NA
NA;6;74;BRISONR_135;2018;GGE;1;HN_WF;B2;299;NA;135;NA;65;25.86741008;NA;NA;32.56666667;NA;NA;1;NA;1;2;3;1.5;NA;NA;NA;NA
NA;3;71;BRISONR_138;2018;GGE;1;HN_WF;B1;299;NA;136;NA;90;55.95250091;NA;NA;40.8;NA;NA;1;NA;1;1;2;2;NA;NA;NA;NA
NA;4;61;BRISONR_138;2018;GGE;1;HN_WF;B2;299;NA;136;NA;85;56.07640955;NA;NA;42.23333333;NA;NA;1;NA;1;3;3.5;1;NA;NA;NA;NA
NA;2;64;BRISONR_143;2018;GGE;1;HN_WF;B1;299;NA;136;NA;81.6;51.14088183;NA;NA;41.5;NA;NA;1;NA;1;3;2;2.5;NA;NA;NA;NA
NA;4;65;BRISONR_143;2018;GGE;1;HN_WF;B2;299;NA;135;NA;86.2;62.72438977;NA;NA;48.73333333;NA;NA;1;NA;1;2;2.5;1.5;NA;NA;NA;NA
NA;2;61;BRISONR_145;2018;GGE;1;HN_WF;B1;299;NA;140;NA;70;48.31281319;NA;NA;38.23333333;NA;NA;1;NA;1;2;1;2;NA;NA;NA;NA
NA;5;64;BRISONR_145;2018;GGE;1;HN_WF;B2;299;NA;140;NA;72;51.81721968;NA;NA;40.63333333;NA;NA;1;NA;2;3;2;2.5;NA;NA;NA;NA
NA;1;61;BRISONR_150;2018;GGE;1;HN_WF;B1;299;NA;139;NA;83.2;41.57084768;NA;NA;42.43333333;NA;NA;1;NA;1;1;1.5;3.5;NA;NA;NA;NA
NA;4;56;BRISONR_150;2018;GGE;1;HN_WF;B2;299;NA;140;NA;80.2;47.26756628;NA;NA;44.46666667;NA;NA;1;NA;1;2;2.5;2;NA;NA;NA;NA
NA;2;70;BRISONR_153;2018;GGE;1;HN_WF;B1;299;NA;136;NA;82.4;45.85923003;NA;NA;36.8;NA;NA;1;NA;1;4;1;2;NA;NA;NA;NA
NA;6;75;BRISONR_153;2018;GGE;1;HN_WF;B2;299;NA;136;NA;76.2;21.5074156;NA;NA;24.66666667;NA;NA;1;NA;1;4;1;1;NA;NA;NA;NA
NA;2;66;BRISONR_158;2018;GGE;1;HN_WF;B1;299;NA;140;NA;87.6;46.14660272;NA;NA;37.66666667;NA;NA;1;NA;1;2;2;4;NA;NA;NA;NA
NA;5;59;BRISONR_158;2018;GGE;1;HN_WF;B2;299;NA;140;NA;79.4;38.90743765;NA;NA;37.73333333;NA;NA;1;NA;1;1;1;5;NA;NA;NA;NA
NA;2;62;BRISONR_160;2018;GGE;1;HN_WF;B1;299;NA;136;NA;78.6;57.8650513;NA;NA;45.2;NA;NA;1;NA;1;2;1;2;NA;NA;NA;NA
NA;6;68;BRISONR_160;2018;GGE;1;HN_WF;B2;299;NA;136;NA;75;43.4264093;NA;NA;46.4;NA;NA;1;NA;1;2;1;1.5;NA;NA;NA;NA
NA;3;64;BRISONR_162;2018;GGE;1;HN_WF;B1;299;NA;139;NA;81.6;27.65484305;NA;NA;47.63333333;NA;NA;1;NA;1;1;3.5;3.5;NA;NA;NA;NA
NA;5;62;BRISONR_162;2018;GGE;1;HN_WF;B2;299;NA;139;NA;88.2;48.44834838;NA;NA;45.83333333;NA;NA;1;NA;1;1;5;2.5;NA;NA;NA;NA
NA;3;59;BRISONR_164;2018;GGE;1;HN_WF;B1;299;NA;136;NA;83.8;45.07016092;NA;NA;42.5;NA;NA;1;NA;1;1;5.5;1.5;NA;NA;NA;NA
NA;6;59;BRISONR_164;2018;GGE;1;HN_WF;B2;299;NA;136;NA;78;44.83383963;NA;NA;38.03333333;NA;NA;1;NA;1;1;1;3.5;NA;NA;NA;NA
NA;1;69;BRISONR_166;2018;GGE;1;HN_WF;B1;299;NA;136;NA;92.2;43.39145328;NA;NA;41.16666667;NA;NA;1;NA;1;2;3.5;3;NA;NA;NA;NA
NA;5;69;BRISONR_166;2018;GGE;1;HN_WF;B2;299;NA;136;NA;87.2;48.42476438;NA;NA;44.06666667;NA;NA;1;NA;1;2;3;1.5;NA;NA;NA;NA
NA;3;75;BRISONR_169;2018;GGE;1;HN_WF;B1;299;NA;135;NA;99;32.62094741;NA;NA;37.6;NA;NA;1;NA;1;1;1;2;NA;NA;NA;NA
NA;6;69;BRISONR_169;2018;GGE;1;HN_WF;B2;299;NA;135;NA;83.4;41.64758296;NA;NA;38.93333333;NA;NA;1;NA;1;2;1.5;2;NA;NA;NA;NA
NA;1;71;BRISONR_176;2018;GGE;1;HN_WF;B1;299;NA;135;NA;90.6;37.52932967;NA;NA;40.83333333;NA;NA;1;NA;1;4;3;4.5;NA;NA;NA;NA
NA;5;61;BRISONR_176;2018;GGE;1;HN_WF;B2;299;NA;135;NA;80.4;43.66572809;NA;NA;41.23333333;NA;NA;1;NA;1;1;5;2;NA;NA;NA;NA
NA;3;73;BRISONR_188;2018;GGE;1;HN_WF;B1;299;NA;135;NA;67;47.4413254;NA;NA;40.2;NA;NA;1;NA;1;2;1;1.5;NA;NA;NA;NA
NA;5;67;BRISONR_188;2018;GGE;1;HN_WF;B2;299;NA;135;NA;69.6;45.38403047;NA;NA;40.2;NA;NA;1;NA;1;2;2.5;1.5;NA;NA;NA;NA
NA;1;65;BRISONR_205;2018;GGE;1;HN_WF;B1;299;NA;134;NA;209.4;39.51214909;NA;NA;31.96666667;NA;NA;1;NA;1;3;1;5;NA;NA;NA;NA
NA;6;63;BRISONR_205;2018;GGE;1;HN_WF;B2;299;NA;133;NA;60.8;33.32260863;NA;NA;27.96666667;NA;NA;1;NA;1;3;1;4.5;NA;NA;NA;NA
NA;3;68;BRISONR_207;2018;GGE;1;HN_WF;B1;299;NA;134;NA;71.4;48.61638516;NA;NA;34.73333333;NA;NA;1;NA;1;1;2;2;NA;NA;NA;NA
NA;4;69;BRISONR_207;2018;GGE;1;HN_WF;B2;299;NA;134;NA;68.8;50.08544891;NA;NA;37.93333333;NA;NA;1;NA;1;4;1;2.5;NA;NA;NA;NA
NA;2;67;BRISONR_213;2018;GGE;1;HN_WF;B1;299;NA;135;NA;76.4;53.21438579;NA;NA;42.13333333;NA;NA;1;NA;1;2;2;3;NA;NA;NA;NA
NA;6;58;BRISONR_213;2018;GGE;1;HN_WF;B2;299;NA;135;NA;75;50.28301629;NA;NA;44.33333333;NA;NA;1;NA;1;1;1.5;3;NA;NA;NA;NA
NA;1;63;BRISONR_221;2018;GGE;1;HN_WF;B1;299;NA;136;NA;71.8;55.57775742;NA;NA;41.2;NA;NA;1;NA;1;1;1;2.5;NA;NA;NA;NA
NA;4;67;BRISONR_221;2018;GGE;1;HN_WF;B2;299;NA;136;NA;78.8;62.98792618;NA;NA;46.56666667;NA;NA;1;NA;1;3;1;1;NA;NA;NA;NA
NA;1;70;BRISONR_222;2018;GGE;1;HN_WF;B1;299;NA;136;NA;65;43.42794271;NA;NA;33.2;NA;NA;1;NA;1;1;1;3;NA;NA;NA;NA
NA;6;73;BRISONR_222;2018;GGE;1;HN_WF;B2;299;NA;136;NA;62.4;31.4680691;NA;NA;30.93333333;NA;NA;1;NA;1;1;1.5;1;NA;NA;NA;NA
NA;2;58;BRISONR_223;2018;GGE;1;HN_WF;B1;299;NA;136;NA;70.6;51.62157419;NA;NA;32.36666667;NA;NA;1;NA;1;3;1;1.5;NA;NA;NA;NA
NA;6;56;BRISONR_223;2018;GGE;1;HN_WF;B2;299;NA;136;NA;70;47.89845745;NA;NA;34.56666667;NA;NA;1;NA;1;2;1;1.5;NA;NA;NA;NA
NA;3;72;BRISONR_224;2018;GGE;1;HN_WF;B1;299;NA;136;NA;71.6;10.93783507;NA;NA;43.83333333;NA;NA;1;NA;1;3;1;1.5;NA;NA;NA;NA
NA;5;60;BRISONR_224;2018;GGE;1;HN_WF;B2;299;NA;136;NA;61.8;50.85441489;NA;NA;44.23333333;NA;NA;1;NA;1;2;2;1.5;NA;NA;NA;NA
NA;1;59;BRISONR_225;2018;GGE;1;HN_WF;B1;299;NA;136;NA;75.2;47.91909544;NA;NA;36.53333333;NA;NA;1;NA;2;1;2;1.5;NA;NA;NA;NA
NA;6;72;BRISONR_225;2018;GGE;1;HN_WF;B2;299;NA;135;NA;75.8;39.2004351;NA;NA;36.73333333;NA;NA;1;NA;1;2;1;1;NA;NA;NA;NA
NA;1;56;BRISONR_226;2018;GGE;1;HN_WF;B1;299;NA;136;NA;62.6;40.57576889;NA;NA;33;NA;NA;1;NA;1;3;1;2;NA;NA;NA;NA
NA;5;70;BRISONR_226;2018;GGE;1;HN_WF;B2;299;NA;135;NA;70;42.03353157;NA;NA;32.93333333;NA;NA;1;NA;1;1;1;2;NA;NA;NA;NA
NA;1;57;BRISONR_227;2018;GGE;1;HN_WF;B1;299;NA;138;NA;62.6;48.96705427;NA;NA;35.56666667;NA;NA;1;NA;1;2;1;1.5;NA;NA;NA;NA
NA;6;62;BRISONR_227;2018;GGE;1;HN_WF;B2;299;NA;138;NA;61.6;48.00491414;NA;NA;35.8;NA;NA;1;NA;1;1;1.5;2.5;NA;NA;NA;NA
NA;1;67;BRISONR_228;2018;GGE;1;HN_WF;B1;299;NA;135;NA;70.4;50.12468115;NA;NA;38.96666667;NA;NA;1;NA;1;1;2;3;NA;NA;NA;NA
NA;6;57;BRISONR_228;2018;GGE;1;HN_WF;B2;299;NA;135;NA;71.2;41.81812883;NA;NA;41.53333333;NA;NA;1;NA;1;1;1.5;1.5;NA;NA;NA;NA
NA;3;90;BRISONR_20;2018;GGE;1;HN_WF_DD;B1;299;NA;137;NA;50.6;19.5146891;NA;NA;25;NA;NA;1;NA;NA;NA;#VALUE!;#VALUE!;NA;NA;NA;NA
NA;5;83;BRISONR_20;2018;GGE;1;HN_WF_DD;B2;299;NA;137;NA;58.4;20.01226835;NA;NA;37.83333333;NA;NA;1;NA;NA;NA;#VALUE!;#VALUE!;NA;NA;NA;NA
NA;3;83;BRISONR_26;2018;GGE;1;HN_WF_DD;B1;299;NA;135;NA;59.8;32.88378256;NA;NA;37.63333333;NA;NA;1;NA;NA;NA;#VALUE!;#VALUE!;NA;NA;NA;NA
NA;6;86;BRISONR_26;2018;GGE;1;HN_WF_DD;B2;299;NA;136;NA;61.8;21.99511575;NA;NA;31.13333333;NA;NA;1;NA;NA;NA;#VALUE!;#VALUE!;NA;NA;NA;NA
NA;3;92;BRISONR_27;2018;GGE;1;HN_WF_DD;B1;299;NA;136;NA;57.2;18.26676686;NA;NA;25.33333333;NA;NA;1;NA;NA;NA;#VALUE!;#VALUE!;NA;NA;NA;NA
NA;4;99;BRISONR_27;2018;GGE;1;HN_WF_DD;B2;299;NA;136;NA;61.4;20.43303361;NA;NA;28.43333333;NA;NA;1;NA;NA;NA;#VALUE!;#VALUE!;NA;NA;NA;NA
NA;3;98;BRISONR_31;2018;GGE;1;HN_WF_DD;B1;299;NA;136;NA;66.6;29.20309094;NA;NA;43.3;NA;NA;1;NA;NA;NA;#VALUE!;#VALUE!;NA;NA;NA;NA
NA;6;89;BRISONR_31;2018;GGE;1;HN_WF_DD;B2;299;NA;136;NA;55.8;18.58582317;NA;NA;26.96666667;NA;NA;1;NA;NA;NA;#VALUE!;#VALUE!;NA;NA;NA;NA
NA;2;92;BRISONR_38;2018;GGE;1;HN_WF_DD;B1;299;NA;135;NA;57.8;39.81247285;NA;NA;33.56666667;NA;NA;1;NA;NA;NA;#VALUE!;#VALUE!;NA;NA;NA;NA
NA;5;91;BRISONR_38;2018;GGE;1;HN_WF_DD;B2;299;NA;135;NA;58.4;22.64321084;NA;NA;35.06666667;NA;NA;1;NA;NA;NA;#VALUE!;#VALUE!;NA;NA;NA;NA
NA;2;91;BRISONR_47;2018;GGE;1;HN_WF_DD;B1;299;NA;136;NA;68.6;36.21990181;NA;NA;35.96666667;NA;NA;1;NA;NA;NA;#VALUE!;#VALUE!;NA;NA;NA;NA
NA;6;95;BRISONR_47;2018;GGE;1;HN_WF_DD;B2;299;NA;135;NA;56;18.72993871;NA;NA;28.93333333;NA;NA;1;NA;NA;NA;#VALUE!;#VALUE!;NA;NA;NA;NA
NA;1;87;BRISONR_50;2018;GGE;1;HN_WF_DD;B1;299;NA;136;NA;58.4;31.69207751;NA;NA;33.5;NA;NA;1;NA;NA;NA;#VALUE!;#VALUE!;NA;NA;NA;NA
NA;4;83;BRISONR_50;2018;GGE;1;HN_WF_DD;B2;299;NA;136;NA;41.8;14.62067083;NA;NA;27.43333333;NA;NA;1;NA;NA;NA;#VALUE!;#VALUE!;NA;NA;NA;NA
NA;2;80;BRISONR_54;2018;GGE;1;HN_WF_DD;B1;299;NA;135;NA;71.4;54.09346697;NA;NA;44.4;NA;NA;1;NA;NA;NA;#VALUE!;#VALUE!;NA;NA;NA;NA
NA;4;93;BRISONR_54;2018;GGE;1;HN_WF_DD;B2;299;NA;135;NA;58.8;20.18936335;NA;NA;28.8;NA;NA;1;NA;NA;NA;#VALUE!;#VALUE!;NA;NA;NA;NA
NA;2;81;BRISONR_56;2018;GGE;1;HN_WF_DD;B1;299;NA;136;NA;1455.8;48.0699862;NA;NA;43.4;NA;NA;1;NA;NA;NA;#VALUE!;#VALUE!;NA;NA;NA;NA
NA;4;97;BRISONR_56;2018;GGE;1;HN_WF_DD;B2;299;NA;136;NA;56;17.93869421;NA;NA;25.3;NA;NA;1;NA;NA;NA;#VALUE!;#VALUE!;NA;NA;NA;NA
NA;1;89;BRISONR_59;2018;GGE;1;HN_WF_DD;B1;299;NA;135;NA;71.6;42.22753615;NA;NA;36.66666667;NA;NA;1;NA;NA;NA;#VALUE!;#VALUE!;NA;NA;NA;NA
NA;6;80;BRISONR_59;2018;GGE;1;HN_WF_DD;B2;299;NA;136;NA;48.8;18.57393975;NA;NA;29.85;NA;NA;1;NA;NA;NA;#VALUE!;#VALUE!;NA;NA;NA;NA
NA;1;84;BRISONR_67;2018;GGE;1;HN_WF_DD;B1;299;NA;136;NA;74;46.96138121;NA;NA;39.96666667;NA;NA;1;NA;NA;NA;#VALUE!;#VALUE!;NA;NA;NA;NA
NA;5;86;BRISONR_67;2018;GGE;1;HN_WF_DD;B2;299;NA;135;NA;57.4;18.83220859;NA;NA;35.2;NA;NA;1;NA;NA;NA;#VALUE!;#VALUE!;NA;NA;NA;NA
NA;2;95;BRISONR_69;2018;GGE;1;HN_WF_DD;B1;299;NA;136;NA;69.2;31.3432455;NA;NA;35.73333333;NA;NA;1;NA;NA;NA;#VALUE!;#VALUE!;NA;NA;NA;NA
NA;5;82;BRISONR_69;2018;GGE;1;HN_WF_DD;B2;299;NA;139;NA;57.8;22.484243;NA;NA;40.53333333;NA;NA;1;NA;NA;NA;#VALUE!;#VALUE!;NA;NA;NA;NA
NA;2;83;BRISONR_71;2018;GGE;1;HN_WF_DD;B1;299;NA;134;NA;81.4;59.53826169;NA;NA;40.33333333;NA;NA;1;NA;NA;NA;#VALUE!;#VALUE!;NA;NA;NA;NA
NA;4;80;BRISONR_71;2018;GGE;1;HN_WF_DD;B2;299;NA;135;NA;51.8;28.31896465;NA;NA;29.7;NA;NA;1;NA;NA;NA;#VALUE!;#VALUE!;NA;NA;NA;NA
NA;3;86;BRISONR_80;2018;GGE;1;HN_WF_DD;B1;299;NA;135;NA;64;35.17007087;NA;NA;32.66666667;NA;NA;1;NA;NA;NA;#VALUE!;#VALUE!;NA;NA;NA;NA
NA;6;81;BRISONR_80;2018;GGE;1;HN_WF_DD;B2;299;NA;135;NA;60.4;23.04507821;NA;NA;34;NA;NA;1;NA;NA;NA;#VALUE!;#VALUE!;NA;NA;NA;NA
NA;1;82;BRISONR_92;2018;GGE;1;HN_WF_DD;B1;299;NA;135;NA;83.2;42.31274478;NA;NA;33.46666667;NA;NA;1;NA;NA;NA;#VALUE!;#VALUE!;NA;NA;NA;NA
NA;4;98;BRISONR_92;2018;GGE;1;HN_WF_DD;B2;299;NA;136;NA;59.4;22.71163641;NA;NA;27.4;NA;NA;1;NA;NA;NA;#VALUE!;#VALUE!;NA;NA;NA;NA
NA;3;85;BRISONR_96;2018;GGE;1;HN_WF_DD;B1;299;NA;135;NA;67;29.44891848;NA;NA;32.7;NA;NA;1;NA;NA;NA;#VALUE!;#VALUE!;NA;NA;NA;NA
NA;6;93;BRISONR_96;2018;GGE;1;HN_WF_DD;B2;299;NA;136;NA;65.4;21.71210708;NA;NA;31.53333333;NA;NA;1;NA;NA;NA;#VALUE!;#VALUE!;NA;NA;NA;NA
NA;3;93;BRISONR_99;2018;GGE;1;HN_WF_DD;B1;299;NA;135;NA;56.4;25.01086545;NA;NA;34.86666667;NA;NA;1;NA;NA;NA;#VALUE!;#VALUE!;NA;NA;NA;NA
NA;6;85;BRISONR_99;2018;GGE;1;HN_WF_DD;B2;299;NA;135;NA;61.8;28.10966873;NA;NA;32.56666667;NA;NA;1;NA;NA;NA;#VALUE!;#VALUE!;NA;NA;NA;NA
NA;1;91;BRISONR_102;2018;GGE;1;HN_WF_DD;B1;299;NA;135;NA;84.8;42.14691222;NA;NA;42.9;NA;NA;1;NA;NA;NA;#VALUE!;#VALUE!;NA;NA;NA;NA
NA;5;87;BRISONR_102;2018;GGE;1;HN_WF_DD;B2;299;NA;135;NA;69.4;26.76139992;NA;NA;36;NA;NA;1;NA;NA;NA;#VALUE!;#VALUE!;NA;NA;NA;NA
NA;1;95;BRISONR_104;2018;GGE;1;HN_WF_DD;B1;299;NA;135;NA;78.8;34.95465544;NA;NA;39.83333333;NA;NA;1;NA;NA;NA;#VALUE!;#VALUE!;NA;NA;NA;NA
NA;6;91;BRISONR_104;2018;GGE;1;HN_WF_DD;B2;299;NA;135;NA;57.6;17.18576209;NA;NA;24.46666667;NA;NA;1;NA;NA;NA;#VALUE!;#VALUE!;NA;NA;NA;NA
NA;1;83;BRISONR_110;2018;GGE;1;HN_WF_DD;B1;299;NA;135;NA;87.6;37.85961771;NA;NA;39.03333333;NA;NA;1;NA;NA;NA;#VALUE!;#VALUE!;NA;NA;NA;NA
NA;5;88;BRISONR_110;2018;GGE;1;HN_WF_DD;B2;299;NA;135;NA;70.4;25.0828335;NA;NA;38.8;NA;NA;1;NA;NA;NA;#VALUE!;#VALUE!;NA;NA;NA;NA
NA;1;94;BRISONR_114;2018;GGE;1;HN_WF_DD;B1;299;NA;136;NA;76;33.05081692;NA;NA;44.3;NA;NA;1;NA;NA;NA;#VALUE!;#VALUE!;NA;NA;NA;NA
NA;6;87;BRISONR_114;2018;GGE;1;HN_WF_DD;B2;299;NA;136;NA;60.4;13.78971398;NA;NA;23.76666667;NA;NA;1;NA;NA;NA;#VALUE!;#VALUE!;NA;NA;NA;NA
NA;2;84;BRISONR_118;2018;GGE;1;HN_WF_DD;B1;299;NA;135;NA;76;57.34818409;NA;NA;44;NA;NA;1;NA;NA;NA;#VALUE!;#VALUE!;NA;NA;NA;NA
NA;4;81;BRISONR_118;2018;GGE;1;HN_WF_DD;B2;299;NA;135;NA;48.2;21.25881288;NA;NA;28.6;NA;NA;1;NA;NA;NA;#VALUE!;#VALUE!;NA;NA;NA;NA
NA;2;93;BRISONR_121;2018;GGE;1;HN_WF_DD;B1;299;NA;135;NA;80;39.21834273;NA;NA;38.13333333;NA;NA;1;NA;NA;NA;#VALUE!;#VALUE!;NA;NA;NA;NA
NA;6;88;BRISONR_121;2018;GGE;1;HN_WF_DD;B2;299;NA;136;NA;58.4;17.49454404;NA;NA;26.6;NA;NA;1;NA;NA;NA;#VALUE!;#VALUE!;NA;NA;NA;NA
NA;1;90;BRISONR_124;2018;GGE;1;HN_WF_DD;B1;299;NA;135;NA;78.4;33.99343862;NA;NA;36.33333333;NA;NA;1;NA;NA;NA;#VALUE!;#VALUE!;NA;NA;NA;NA
NA;6;94;BRISONR_124;2018;GGE;1;HN_WF_DD;B2;299;NA;135;NA;55.6;18.50091516;NA;NA;32.6;NA;NA;1;NA;NA;NA;#VALUE!;#VALUE!;NA;NA;NA;NA
NA;3;95;BRISONR_126;2018;GGE;1;HN_WF_DD;B1;299;NA;135;NA;63.2;18.90447271;NA;NA;30.56666667;NA;NA;1;NA;NA;NA;#VALUE!;#VALUE!;NA;NA;NA;NA
NA;5;84;BRISONR_126;2018;GGE;1;HN_WF_DD;B2;299;NA;134;NA;56.6;24.36481205;NA;NA;36.76666667;NA;NA;1;NA;NA;NA;#VALUE!;#VALUE!;NA;NA;NA;NA
NA;3;96;BRISONR_131;2018;GGE;1;HN_WF_DD;B1;299;NA;136;NA;65.6;21.94257046;NA;NA;38.33333333;NA;NA;1;NA;NA;NA;#VALUE!;#VALUE!;NA;NA;NA;NA
NA;4;89;BRISONR_131;2018;GGE;1;HN_WF_DD;B2;299;NA;136;NA;60.6;18.2202062;NA;NA;29.46666667;NA;NA;1;NA;NA;NA;#VALUE!;#VALUE!;NA;NA;NA;NA
NA;1;80;BRISONR_134;2018;GGE;1;HN_WF_DD;B1;299;NA;135;NA;75.4;34.46602407;NA;NA;32.8;NA;NA;1;NA;NA;NA;#VALUE!;#VALUE!;NA;NA;NA;NA
NA;4;95;BRISONR_134;2018;GGE;1;HN_WF_DD;B2;299;NA;135;NA;48.4;22.73170196;NA;NA;27.56666667;NA;NA;1;NA;NA;NA;#VALUE!;#VALUE!;NA;NA;NA;NA
NA;2;85;BRISONR_135;2018;GGE;1;HN_WF_DD;B1;299;NA;135;NA;78;NA;NA;NA;NA;NA;NA;1;NA;NA;NA;#VALUE!;#VALUE!;NA;NA;NA;NA
NA;6;83;BRISONR_135;2018;GGE;1;HN_WF_DD;B2;299;NA;135;NA;59;17.06767811;NA;NA;30.13333333;NA;NA;1;NA;NA;NA;#VALUE!;#VALUE!;NA;NA;NA;NA
NA;2;82;BRISONR_138;2018;GGE;1;HN_WF_DD;B1;299;NA;135;NA;81.4;60.62950427;NA;NA;44.36666667;NA;NA;1;NA;NA;NA;#VALUE!;#VALUE!;NA;NA;NA;NA
NA;5;85;BRISONR_138;2018;GGE;1;HN_WF_DD;B2;299;NA;135;NA;72.4;38.7637971;NA;NA;39.6;NA;NA;1;NA;NA;NA;#VALUE!;#VALUE!;NA;NA;NA;NA
NA;3;87;BRISONR_143;2018;GGE;1;HN_WF_DD;B1;299;NA;135;NA;67.4;27.34958304;NA;NA;32.1;NA;NA;1;NA;NA;NA;#VALUE!;#VALUE!;NA;NA;NA;NA
NA;4;91;BRISONR_143;2018;GGE;1;HN_WF_DD;B2;299;NA;135;NA;61;20.06957463;NA;NA;34.45666667;NA;NA;1;NA;NA;NA;#VALUE!;#VALUE!;NA;NA;NA;NA
NA;1;85;BRISONR_145;2018;GGE;1;HN_WF_DD;B1;299;NA;137;NA;70;40.00816479;NA;NA;40.73333333;NA;NA;1;NA;NA;NA;#VALUE!;#VALUE!;NA;NA;NA;NA
NA;6;82;BRISONR_145;2018;GGE;1;HN_WF_DD;B2;299;NA;137;NA;61.2;25.78996052;NA;NA;37.66666667;NA;NA;1;NA;NA;NA;#VALUE!;#VALUE!;NA;NA;NA;NA
NA;1;86;BRISONR_150;2018;GGE;1;HN_WF_DD;B1;299;NA;136;NA;76;37.20458502;NA;NA;38.3;NA;NA;1;NA;NA;NA;#VALUE!;#VALUE!;NA;NA;NA;NA
NA;4;96;BRISONR_150;2018;GGE;1;HN_WF_DD;B2;299;NA;136;NA;55;28.14939387;NA;NA;36.96666667;NA;NA;1;NA;NA;NA;#VALUE!;#VALUE!;NA;NA;NA;NA
NA;3;91;BRISONR_153;2018;GGE;1;HN_WF_DD;B1;299;NA;135;NA;60.2;19.89128381;NA;NA;29.83333333;NA;NA;1;NA;NA;NA;#VALUE!;#VALUE!;NA;NA;NA;NA
NA;5;94;BRISONR_153;2018;GGE;1;HN_WF_DD;B2;299;NA;135;NA;63.8;18.79425336;NA;NA;29;NA;NA;1;NA;NA;NA;#VALUE!;#VALUE!;NA;NA;NA;NA
NA;3;80;BRISONR_158;2018;GGE;1;HN_WF_DD;B1;299;NA;140;NA;79;36.4014466;NA;NA;37.43333333;NA;NA;1;NA;NA;NA;#VALUE!;#VALUE!;NA;NA;NA;NA
NA;5;89;BRISONR_158;2018;GGE;1;HN_WF_DD;B2;299;NA;140;NA;75;22.56726555;NA;NA;37.7;NA;NA;1;NA;NA;NA;#VALUE!;#VALUE!;NA;NA;NA;NA
NA;2;87;BRISONR_160;2018;GGE;1;HN_WF_DD;B1;299;NA;135;NA;93;44.19527345;NA;NA;42.06666667;NA;NA;1;NA;NA;NA;#VALUE!;#VALUE!;NA;NA;NA;NA
NA;6;92;BRISONR_160;2018;GGE;1;HN_WF_DD;B2;299;NA;135;NA;52.6;15.56441426;NA;NA;31.93333333;NA;NA;1;NA;NA;NA;#VALUE!;#VALUE!;NA;NA;NA;NA
NA;2;88;BRISONR_162;2018;GGE;1;HN_WF_DD;B1;299;NA;136;NA;84;39.86783317;NA;NA;44.16666667;NA;NA;1;NA;NA;NA;#VALUE!;#VALUE!;NA;NA;NA;NA
NA;4;88;BRISONR_162;2018;GGE;1;HN_WF_DD;B2;299;NA;136;NA;51.8;14.7894893;NA;NA;31;NA;NA;1;NA;NA;NA;#VALUE!;#VALUE!;NA;NA;NA;NA
NA;3;81;BRISONR_164;2018;GGE;1;HN_WF_DD;B1;299;NA;135;NA;85.4;24.56975634;NA;NA;37.86666667;NA;NA;1;NA;NA;NA;#VALUE!;#VALUE!;NA;NA;NA;NA
NA;5;80;BRISONR_164;2018;GGE;1;HN_WF_DD;B2;299;NA;135;NA;79.6;29.40539818;NA;NA;41.23333333;NA;NA;1;NA;NA;NA;#VALUE!;#VALUE!;NA;NA;NA;NA
NA;1;92;BRISONR_166;2018;GGE;1;HN_WF_DD;B1;299;NA;135;NA;91;29.01493859;NA;NA;46.2;NA;NA;1;NA;NA;NA;#VALUE!;#VALUE!;NA;NA;NA;NA
NA;4;94;BRISONR_166;2018;GGE;1;HN_WF_DD;B2;299;NA;135;NA;59.2;18.18059129;NA;NA;32.13333333;NA;NA;1;NA;NA;NA;#VALUE!;#VALUE!;NA;NA;NA;NA
NA;3;82;BRISONR_169;2018;GGE;1;HN_WF_DD;B1;299;NA;134;NA;72.2;27.12273528;NA;NA;32.53333333;NA;NA;1;NA;NA;NA;#VALUE!;#VALUE!;NA;NA;NA;NA
NA;6;90;BRISONR_169;2018;GGE;1;HN_WF_DD;B2;299;NA;134;NA;63.2;18.3539343;NA;NA;25.93333333;NA;NA;1;NA;NA;NA;#VALUE!;#VALUE!;NA;NA;NA;NA
NA;3;94;BRISONR_176;2018;GGE;1;HN_WF_DD;B1;299;NA;134;NA;72;20.35537205;NA;NA;35.9;NA;NA;1;NA;NA;NA;#VALUE!;#VALUE!;NA;NA;NA;NA
NA;4;92;BRISONR_176;2018;GGE;1;HN_WF_DD;B2;299;NA;134;NA;70.6;18.68712489;NA;NA;31.9;NA;NA;1;NA;NA;NA;#VALUE!;#VALUE!;NA;NA;NA;NA
NA;1;93;BRISONR_188;2018;GGE;1;HN_WF_DD;B1;299;NA;134;NA;65.2;31.75192606;NA;NA;39.06666667;NA;NA;1;NA;NA;NA;#VALUE!;#VALUE!;NA;NA;NA;NA
NA;5;90;BRISONR_188;2018;GGE;1;HN_WF_DD;B2;299;NA;134;NA;60;21.97906397;NA;NA;40;NA;NA;1;NA;NA;NA;#VALUE!;#VALUE!;NA;NA;NA;NA
NA;2;86;BRISONR_205;2018;GGE;1;HN_WF_DD;B1;299;NA;133;NA;77.4;NA;NA;NA;NA;NA;NA;1;NA;NA;NA;#VALUE!;#VALUE!;NA;NA;NA;NA
NA;4;87;BRISONR_205;2018;GGE;1;HN_WF_DD;B2;299;NA;133;NA;55.8;17.48363748;NA;NA;31.8;NA;NA;1;NA;NA;NA;#VALUE!;#VALUE!;NA;NA;NA;NA
NA;2;90;BRISONR_207;2018;GGE;1;HN_WF_DD;B1;299;NA;135;NA;179.6;33.61060205;NA;NA;35.26666667;NA;NA;1;NA;NA;NA;#VALUE!;#VALUE!;NA;NA;NA;NA
NA;5;92;BRISONR_207;2018;GGE;1;HN_WF_DD;B2;299;NA;134;NA;60.6;26.00743575;NA;NA;39.3;NA;NA;1;NA;NA;NA;#VALUE!;#VALUE!;NA;NA;NA;NA
NA;1;81;BRISONR_213;2018;GGE;1;HN_WF_DD;B1;299;NA;136;NA;81.4;44.66388221;NA;NA;42.63333333;NA;NA;1;NA;NA;NA;#VALUE!;#VALUE!;NA;NA;NA;NA
NA;6;84;BRISONR_213;2018;GGE;1;HN_WF_DD;B2;299;NA;135;NA;57.6;22.96882996;NA;NA;33.96666667;NA;NA;1;NA;NA;NA;#VALUE!;#VALUE!;NA;NA;NA;NA
NA;2;89;BRISONR_221;2018;GGE;1;HN_WF_DD;B1;299;NA;135;NA;74.2;38.95566131;NA;NA;38.1;NA;NA;1;NA;NA;NA;#VALUE!;#VALUE!;NA;NA;NA;NA
NA;4;84;BRISONR_221;2018;GGE;1;HN_WF_DD;B2;299;NA;136;NA;58.6;17.98109468;NA;NA;23.86666667;NA;NA;1;NA;NA;NA;#VALUE!;#VALUE!;NA;NA;NA;NA
NA;3;84;BRISONR_222;2018;GGE;1;HN_WF_DD;B1;299;NA;135;NA;64.8;31.17617615;NA;NA;33.63333333;NA;NA;1;NA;NA;NA;#VALUE!;#VALUE!;NA;NA;NA;NA
NA;4;86;BRISONR_222;2018;GGE;1;HN_WF_DD;B2;299;NA;135;NA;58.2;25.15909112;NA;NA;34.7;NA;NA;1;NA;NA;NA;#VALUE!;#VALUE!;NA;NA;NA;NA
NA;3;88;BRISONR_223;2018;GGE;1;HN_WF_DD;B1;299;NA;135;NA;58.6;17.81452853;NA;NA;36.73333333;NA;NA;1;NA;NA;NA;#VALUE!;#VALUE!;NA;NA;NA;NA
NA;4;90;BRISONR_223;2018;GGE;1;HN_WF_DD;B2;299;NA;135;NA;52.6;18.20142891;NA;NA;28.63333333;NA;NA;1;NA;NA;NA;#VALUE!;#VALUE!;NA;NA;NA;NA
NA;2;94;BRISONR_224;2018;GGE;1;HN_WF_DD;B1;299;NA;134;NA;63;40.21562985;NA;NA;39.66666667;NA;NA;1;NA;NA;NA;#VALUE!;#VALUE!;NA;NA;NA;NA
NA;5;95;BRISONR_224;2018;GGE;1;HN_WF_DD;B2;299;NA;134;NA;53.4;18.47883337;NA;NA;33.06666667;NA;NA;1;NA;NA;NA;#VALUE!;#VALUE!;NA;NA;NA;NA
NA;3;89;BRISONR_225;2018;GGE;1;HN_WF_DD;B1;299;NA;135;NA;59;27.4723291;NA;NA;32.03333333;NA;NA;1;NA;NA;NA;#VALUE!;#VALUE!;NA;NA;NA;NA
NA;4;85;BRISONR_225;2018;GGE;1;HN_WF_DD;B2;299;NA;135;NA;56.8;21.42864055;NA;NA;34.2;NA;NA;1;NA;NA;NA;#VALUE!;#VALUE!;NA;NA;NA;NA
NA;3;99;BRISONR_226;2018;GGE;1;HN_WF_DD;B1;299;NA;135;NA;56;25.15039017;NA;NA;33.6;NA;NA;1;NA;NA;NA;#VALUE!;#VALUE!;NA;NA;NA;NA
NA;5;81;BRISONR_226;2018;GGE;1;HN_WF_DD;B2;299;NA;135;NA;62.6;33.49094699;NA;NA;30.1;NA;NA;1;NA;NA;NA;#VALUE!;#VALUE!;NA;NA;NA;NA
NA;1;88;BRISONR_227;2018;GGE;1;HN_WF_DD;B1;299;NA;136;NA;68.6;45.45146725;NA;NA;35.13333333;NA;NA;1;NA;NA;NA;#VALUE!;#VALUE!;NA;NA;NA;NA
NA;4;82;BRISONR_227;2018;GGE;1;HN_WF_DD;B2;299;NA;136;NA;51.8;20.4010197;NA;NA;34.16666667;NA;NA;1;NA;NA;NA;#VALUE!;#VALUE!;NA;NA;NA;NA
NA;3;97;BRISONR_228;2018;GGE;1;HN_WF_DD;B1;299;NA;135;NA;64.8;29.13013049;NA;NA;39.16666667;NA;NA;1;NA;NA;NA;#VALUE!;#VALUE!;NA;NA;NA;NA
NA;5;93;BRISONR_228;2018;GGE;1;HN_WF_DD;B2;299;NA;134;NA;64.6;17.6643251;NA;NA;38.86666667;NA;NA;1;NA;NA;NA;#VALUE!;#VALUE!;NA;NA;NA;NA